Address,Bathrooms,Beds,tax,post_code,type,rooms,Price
"682 CHURCHILL N Avenue 308, ",1,1,,,,,"$384,900 "
"25 GOODWIN Avenue, ",4,4,"$7,706 (2022)","Ottawa, ON, K2G 5M9","House,,House",2,"$1,390,000 "
"5 STRATHBURY STREET, ",3,4,N/A,"Ottawa, ON, K1R 1E2","House,,House",1,"$886,800 "
"95 BRONSON AVENUE UNIT#202, ",1,1,N/A,"Ottawa, ON, K2P 0X5","House,,House",1,"$2,200 "
"40 NEPEAN STREET UNIT#2102, ",1,1,N/A,"Ottawa, ON, K1R 5W9","House,,House",1,"$1,850 "
"375 LYON STREET N, ",1,3,N/A,"Ottawa, ON, K1N 0B7","House,,House",1,"$2,400 "
"242 RIDEAU STREET UNIT#505, ",1,1,N/A,"Ottawa, ON, K1B 3P9","House,,House",3,"$1,900 "
"1393 Michael St, ",4,4,"$3,332 (2021)","Ottawa, ON, K1C 2J4","House,,House",13,"$799,900 "
"7891 DECARIE Drive, ",3,3,"$8,737 (2022)","Ottawa, ON, K1G 4R4","House,,House",,"$550,000 "
"43 CLAUDET CRESCENT, ",3,5,,,,,"$1,399,900 "
"122 SHERBROOKE Avenue, ",1,3,N/A,"Ottawa, ON, K2B 6J6","House,,House",1,"$639,900 "
"3100 CARLING AVENUE UNIT#1014, ",1,2,"$4,117 (2022)","Ottawa, ON, K1R 1E2","Condo,,Condo",8,"$1,900 "
"95 BRONSON Avenue 205, ",2,2,"$3,134 (2022)","Ottawa, ON, K1R 7W9","House,,House",1,"$559,900 "
"470 LAURIER AVENUE W UNIT#306, ",2,2,"$2,796 (2022)","Ottawa, ON, K1J 1K5","Condo,,Condo",10,"$425,000 "
"107 GATESTONE Private, ",2,2,"$1,886 (2022)","Ottawa, ON, K1C 4P1","House,,House",1,"$450,000 "
"6470 BILBERRY DRIVE UNIT#409, ",2,2,"$4,296 (2022)","Ottawa, ON, K1V 6T8","House,,House",2,"$309,900 "
"1303 VANCOUVER AVENUE, ",2,5,"$2,300 (2022)","Ottawa, ON, K1J 8T9","Condo,,Condo",11,"$799,900 "
"1339 PEREZ Crescent, ",2,3,"$2,283 (2021)","Ottawa, ON, K1G 5R5","Condo,,Condo",8,"$379,900 "
"488 BRISTON Private, ",2,2,"$6,238 (2022)","Ottawa, ON, K2E 7R2","House,,House",20,"$425,000 "
"78 SHADETREE Crescent, ",4,4,"$7,003 (2021)","Ottawa, ON, K2P 2N7","House,,House",2,"$995,000 "
"255 ARGYLE AVENUE UNIT#P02, ",2,2,,,,,"$799,900 "
"11 OBLATS Avenue 405, ",2,2,"$7,706 (2022)","Ottawa, ON, K2G 5M9","House,,House",2,"$685,000 "
"141 FINN COURT, ",3,4,N/A,"Ottawa, ON, K1R 1E2","House,,House",1,"$999,000 "
"324 LAURIER AVENUE W UNIT#2309, ",3,2,N/A,"Ottawa, ON, K2P 0X5","House,,House",1,"$5,500 "
"95 BRONSON AVENUE UNIT#205, ",2,2,N/A,"Ottawa, ON, K1R 5W9","House,,House",1,"$559,900 "
"468 SANDHAMN PRIVATE, ",3,4,N/A,"Ottawa, ON, K1N 0B7","House,,House",1,"$519,000 "
"583 OZAWA PRIVATE, ",1,2,N/A,"Ottawa, ON, K1B 3P9","House,,House",3,"$499,900 "
"237 BOLTON STREET, ",0 + 0,N/A,"$3,332 (2021)","Ottawa, ON, K1C 2J4","House,,House",13,"$1,100,000 "
"3535 ST JOSEPH BOULEVARD UNIT#77, ",1,3,"$8,737 (2022)","Ottawa, ON, K1G 4R4","House,,House",,"$99,900 "
"250 LETT STREET UNIT#309, ",1,1,,,,,"$1,850 "
"318 LORRY GREENBERG Drive 101, ",1,2,N/A,"Ottawa, ON, K2B 6J6","House,,House",1,"$375,000 "
"18 NEPEAN Street 1202, ",2,2,"$4,117 (2022)","Ottawa, ON, K1R 1E2","Condo,,Condo",8,"$400,000 "
"1427 PALMERSTON DRIVE UNIT#203, ",2,3,"$3,134 (2022)","Ottawa, ON, K1R 7W9","House,,House",1,"$479,900 "
"127 BEAVER RIDGE, ",2,2,"$2,796 (2022)","Ottawa, ON, K1J 1K5","Condo,,Condo",10,"$899,900 "
"18 BRISTON PRIVATE, ",2,2,"$1,886 (2022)","Ottawa, ON, K1C 4P1","House,,House",1,"$425,000 "
"201 PARKDALE AVENUE UNIT#907, ",2,2,"$4,296 (2022)","Ottawa, ON, K1V 6T8","House,,House",2,"$495,000 "
"213 COBOURG STREET, ",2,3,"$2,300 (2022)","Ottawa, ON, K1J 8T9","Condo,,Condo",11,"$3,750 "
"48 GREENBORO Crescent, ",2,3,"$2,283 (2021)","Ottawa, ON, K1G 5R5","Condo,,Condo",8,"$674,900 "
"1654 NORDIC Way, ",2,3,"$6,238 (2022)","Ottawa, ON, K2E 7R2","House,,House",20,"$662,000 "
"1285 CAHILL DRIVE UNIT#1105, ",2,3,"$7,003 (2021)","Ottawa, ON, K2P 2N7","House,,House",2,"$375,000 "
"530 Laurier Ave W 404, ",1,2,,,,,"$368,000 "
"2102 GRAFTON CRESCENT, ",2,4,"$7,706 (2022)","Ottawa, ON, K2G 5M9","House,,House",2,"$3,495 "
"628 MELBOURNE AVENUE, ",4,4,N/A,"Ottawa, ON, K1R 1E2","House,,House",1,"$1,749,000 "
"211 SANFORD AVENUE, ",2,2,N/A,"Ottawa, ON, K2P 0X5","House,,House",1,"$749,900 "
"2625 REGINA STREET UNIT#1208, ",1,3,N/A,"Ottawa, ON, K1R 5W9","House,,House",1,"$399,990 "
"40 PRINCE ALBERT STREET UNIT#A, ",4,3,N/A,"Ottawa, ON, K1N 0B7","House,,House",1,"$897,000 "
"1885 JUNO AVENUE, ",3,4,N/A,"Ottawa, ON, K1B 3P9","House,,House",3,"$749,900 "
"88 RICHMOND ROAD UNIT#314, ",1,1,"$3,332 (2021)","Ottawa, ON, K1C 2J4","House,,House",13,"$2,000 "
"2117 VALLEY DRIVE, ",2,4,"$8,737 (2022)","Ottawa, ON, K1G 4R4","House,,House",,"$699,900 "
"140 PRINCE ALBERT STREET, ",1,3,,,,,"$619,900 "
"140 PRINCE ALBERT STREET, ",0 + 0,N/A,N/A,"Ottawa, ON, K2B 6J6","House,,House",1,"$619,900 "
"15 MONKLAND AVENUE, ",4,5,"$4,117 (2022)","Ottawa, ON, K1R 1E2","Condo,,Condo",8,"$2,695,000 "
"912 FAIRLAWN AVENUE, ",3,3,"$3,134 (2022)","Ottawa, ON, K1R 7W9","House,,House",1,"$788,000 "
"485 RICHMOND ROAD UNIT#1109, ",1,1,"$2,796 (2022)","Ottawa, ON, K1J 1K5","Condo,,Condo",10,"$449,000 "
"2625 REGINA STREET UNIT#1208, ",1,3,"$1,886 (2022)","Ottawa, ON, K1C 4P1","House,,House",1,"$399,990 "
"95 BRONSON AVENUE UNIT#205, ",2,2,"$4,296 (2022)","Ottawa, ON, K1V 6T8","House,,House",2,"$559,900 "
"1285 CAHILL DRIVE UNIT#1105, ",2,3,"$2,300 (2022)","Ottawa, ON, K1J 8T9","Condo,,Condo",11,"$375,000 "
"1427 PALMERSTON DRIVE UNIT#203, ",2,3,"$2,283 (2021)","Ottawa, ON, K1G 5R5","Condo,,Condo",8,"$479,900 "
"201 PARKDALE AVENUE UNIT#907, ",2,2,"$6,238 (2022)","Ottawa, ON, K2E 7R2","House,,House",20,"$495,000 "
"468 SANDHAMN PRIVATE, ",3,4,"$7,003 (2021)","Ottawa, ON, K2P 2N7","House,,House",2,"$519,000 "
"107 GATESTONE PRIVATE, ",2,2,,,,,"$450,000 "
"3535 ST JOSEPH BOULEVARD UNIT#77, ",1,3,"$7,706 (2022)","Ottawa, ON, K2G 5M9","House,,House",2,"$99,900 "
"485 RICHMOND ROAD UNIT#1109, ",1,1,N/A,"Ottawa, ON, K1R 1E2","House,,House",1,"$449,000 "
"488 BRISTON PRIVATE, ",2,2,N/A,"Ottawa, ON, K2P 0X5","House,,House",1,"$425,000 "
"422 BYRON STREET, ",3,5,N/A,"Ottawa, ON, K1R 5W9","House,,House",1,"$2,999,998 "
"1339 PEREZ CRESCENT, ",2,3,N/A,"Ottawa, ON, K1N 0B7","House,,House",1,"$379,900 "
"18 BRISTON PRIVATE, ",2,2,N/A,"Ottawa, ON, K1B 3P9","House,,House",3,"$425,000 "
"6470 BILBERRY DRIVE UNIT#409, ",2,2,"$3,332 (2021)","Ottawa, ON, K1C 2J4","House,,House",13,"$309,900 "
"470 LAURIER AVENUE W UNIT#306, ",2,2,"$8,737 (2022)","Ottawa, ON, K1G 4R4","House,,House",,"$425,000 "
"21 PERKINS Street, ",2,4,,,,,"$799,000 "
"156 DAGMAR AVENUE, ",0 + 0,N/A,N/A,"Ottawa, ON, K2B 6J6","House,,House",1,"$1,799,000 "
"3381 CLEARWATER Crescent, ",4,4,"$4,117 (2022)","Ottawa, ON, K1R 1E2","Condo,,Condo",8,"$879,000 "
"355 HOLLAND AVENUE, ",1,3,"$3,134 (2022)","Ottawa, ON, K1R 7W9","House,,House",1,"$699,900 "
"935 FALAISE ROAD, ",4,5,"$2,796 (2022)","Ottawa, ON, K1J 1K5","Condo,,Condo",10,"$1,498,000 "
"238 BESSERER STREET UNIT#1103, ",1,1,"$1,886 (2022)","Ottawa, ON, K1C 4P1","House,,House",1,"$445,000 "
"143-159 MONTREAL ROAD, ",0 + 0,N/A,"$4,296 (2022)","Ottawa, ON, K1V 6T8","House,,House",2,"$5,500,000 "
"383 CUMBERLAND Street 803, ",1,2,"$2,300 (2022)","Ottawa, ON, K1J 8T9","Condo,,Condo",11,"$529,000 "
"4 SHERBROOKE AVENUE UNIT#8, ",1,2,"$2,283 (2021)","Ottawa, ON, K1G 5R5","Condo,,Condo",8,"$635,000 "
"176 BOURBON STREET, ",2,3,"$6,238 (2022)","Ottawa, ON, K2E 7R2","House,,House",20,"$3,000 "
"14 SPRUCE STREET, ",2,5,"$7,003 (2021)","Ottawa, ON, K2P 2N7","House,,House",2,"$3,100 "
"250 LETT STREET UNIT#309, ",1,1,,,,,"$1,850 "
"318 LORRY GREENBERG Drive 101, ",1,2,N/A,"Ottawa, ON, K2G 5M9","House,,House",17'5'' x 11'8'',"$375,000 "
"18 NEPEAN Street 1202, ",2,2,N/A,"Ottawa, ON, K1R 1E2","House,,House",1,"$400,000 "
"1427 PALMERSTON DRIVE UNIT#203, ",2,3,N/A,"Ottawa, ON, K2P 0X5","House,,House",1,"$479,900 "
"127 BEAVER RIDGE, ",2,2,N/A,"Ottawa, ON, K1R 5W9","House,,House",1,"$899,900 "
"18 BRISTON PRIVATE, ",2,2,N/A,"Ottawa, ON, K1N 0B7","House,,House",1,"$425,000 "
"201 PARKDALE AVENUE UNIT#907, ",2,2,N/A,"Ottawa, ON, K1B 3P9","House,,House",3,"$495,000 "
"213 COBOURG STREET, ",2,3,"$3,332 (2021)","Ottawa, ON, K1C 2J4","House,,House",13,"$3,750 "
"48 GREENBORO Crescent, ",2,3,"$8,737 (2022)","Ottawa, ON, K1G 4R4","House,,House",,"$674,900 "
"1654 NORDIC Way, ",2,3,,,,,"$662,000 "
"1285 CAHILL DRIVE UNIT#1105, ",2,3,N/A,"Ottawa, ON, K2B 6J6","House,,House",1,"$375,000 "
"530 Laurier Ave W 404, ",1,2,"$4,117 (2022)","Ottawa, ON, K1R 1E2","Condo,,Condo",8,"$368,000 "
"2102 GRAFTON CRESCENT, ",2,4,"$3,134 (2022)","Ottawa, ON, K1R 7W9","House,,House",1,"$3,495 "
"628 MELBOURNE AVENUE, ",4,4,"$2,796 (2022)","Ottawa, ON, K1J 1K5","Condo,,Condo",10,"$1,749,000 "
"211 SANFORD AVENUE, ",2,2,"$1,886 (2022)","Ottawa, ON, K1C 4P1","House,,House",1,"$749,900 "
"2625 REGINA STREET UNIT#1208, ",1,3,"$4,296 (2022)","Ottawa, ON, K1V 6T8","House,,House",2,"$399,990 "
"40 PRINCE ALBERT STREET UNIT#A, ",4,3,"$2,300 (2022)","Ottawa, ON, K1J 8T9","Condo,,Condo",11,"$897,000 "
"1885 JUNO AVENUE, ",3,4,"$2,283 (2021)","Ottawa, ON, K1G 5R5","Condo,,Condo",8,"$749,900 "
"88 RICHMOND ROAD UNIT#314, ",1,1,"$6,238 (2022)","Ottawa, ON, K2E 7R2","House,,House",20,"$2,000 "
"140 PRINCE ALBERT STREET, ",1,3,"$7,003 (2021)","Ottawa, ON, K2P 2N7","House,,House",2,"$619,900 "
"140 PRINCE ALBERT STREET, ",0 + 0,N/A,,,,,"$619,900 "
"15 MONKLAND AVENUE, ",4,5,N/A,"Ottawa, ON, K2G 5M9","House,,House",17'5'' x 11'8'',"$2,695,000 "
"912 FAIRLAWN AVENUE, ",3,3,N/A,"Ottawa, ON, K1R 1E2","House,,House",1,"$788,000 "
"485 RICHMOND ROAD UNIT#1109, ",1,1,N/A,"Ottawa, ON, K2P 0X5","House,,House",1,"$449,000 "
"95 BRONSON AVENUE UNIT#205, ",2,2,N/A,"Ottawa, ON, K1R 5W9","House,,House",1,"$559,900 "
"2625 REGINA STREET UNIT#1208, ",1,3,N/A,"Ottawa, ON, K1N 0B7","House,,House",1,"$399,990 "
"5 STRATHBURY STREET, ",3,4,N/A,"Ottawa, ON, K1B 3P9","House,,House",3,"$886,800 "
"1285 CAHILL DRIVE UNIT#1105, ",2,3,"$3,332 (2021)","Ottawa, ON, K1C 2J4","House,,House",13,"$375,000 "
"1427 PALMERSTON DRIVE UNIT#203, ",2,3,"$8,737 (2022)","Ottawa, ON, K1G 4R4","House,,House",,"$479,900 "
"201 PARKDALE AVENUE UNIT#907, ",2,2,,,,,"$495,000 "
"107 GATESTONE PRIVATE, ",2,2,N/A,"Ottawa, ON, K2B 6J6","House,,House",1,"$450,000 "
"468 SANDHAMN PRIVATE, ",3,4,"$4,117 (2022)","Ottawa, ON, K1R 1E2","Condo,,Condo",8,"$519,000 "
"816 SOMERSET STREET W, ",0 + 0,N/A,"$3,134 (2022)","Ottawa, ON, K1R 7W9","House,,House",1,"$2,100,000 "
"2117 VALLEY DRIVE, ",2,4,"$2,796 (2022)","Ottawa, ON, K1J 1K5","Condo,,Condo",10,"$699,900 "
"3535 ST JOSEPH BOULEVARD UNIT#77, ",1,3,"$1,886 (2022)","Ottawa, ON, K1C 4P1","House,,House",1,"$99,900 "
"485 RICHMOND ROAD UNIT#1109, ",1,1,"$4,296 (2022)","Ottawa, ON, K1V 6T8","House,,House",2,"$449,000 "
"488 BRISTON PRIVATE, ",2,2,"$2,300 (2022)","Ottawa, ON, K1J 8T9","Condo,,Condo",11,"$425,000 "
"422 BYRON STREET, ",3,5,"$2,283 (2021)","Ottawa, ON, K1G 5R5","Condo,,Condo",8,"$2,999,998 "
"1339 PEREZ CRESCENT, ",2,3,"$6,238 (2022)","Ottawa, ON, K2E 7R2","House,,House",20,"$379,900 "
"470 LAURIER AVENUE W UNIT#306, ",2,2,"$7,003 (2021)","Ottawa, ON, K2P 2N7","House,,House",2,"$425,000 "
"6470 BILBERRY DRIVE UNIT#409, ",2,2,,,,,"$309,900 "
"51 QUEEN MARY STREET, ",2,5,N/A,"Ottawa, ON, K2G 5M9","House,,House",17'5'' x 11'8'',"$839,900 "
"18 BRISTON PRIVATE, ",2,2,N/A,"Ottawa, ON, K1R 1E2","House,,House",1,"$425,000 "
"428 SPARKS STREET UNIT#1001, ",1,1,N/A,"Ottawa, ON, K2P 0X5","House,,House",1,"$474,900 "
"21 PERKINS Street, ",2,4,N/A,"Ottawa, ON, K1R 5W9","House,,House",1,"$799,000 "
"156 DAGMAR AVENUE, ",0 + 0,N/A,N/A,"Ottawa, ON, K1N 0B7","House,,House",1,"$1,799,000 "
"3381 CLEARWATER Crescent, ",4,4,N/A,"Ottawa, ON, K1B 3P9","House,,House",3,"$879,000 "
"355 HOLLAND AVENUE, ",1,3,"$3,332 (2021)","Ottawa, ON, K1C 2J4","House,,House",13,"$699,900 "
"935 FALAISE ROAD, ",4,5,"$8,737 (2022)","Ottawa, ON, K1G 4R4","House,,House",,"$1,498,000 "
"238 BESSERER STREET UNIT#1103, ",1,1,,,,,"$445,000 "
"143-159 MONTREAL ROAD, ",0 + 0,N/A,N/A,"Ottawa, ON, K2B 6J6","House,,House",1,"$5,500,000 "
"383 CUMBERLAND Street 803, ",1,2,"$4,117 (2022)","Ottawa, ON, K1R 1E2","Condo,,Condo",8,"$529,000 "
"4 SHERBROOKE AVENUE UNIT#8, ",1,2,"$3,134 (2022)","Ottawa, ON, K1R 7W9","House,,House",1,"$635,000 "
"176 BOURBON STREET, ",2,3,"$2,796 (2022)","Ottawa, ON, K1J 1K5","Condo,,Condo",10,"$3,000 "
"177 CATHCART STREET, ",4,6,"$1,886 (2022)","Ottawa, ON, K1C 4P1","House,,House",1,"$1,900,000 "
"136 LEOPOLDS DRIVE, ",3,5,"$4,296 (2022)","Ottawa, ON, K1V 6T8","House,,House",2,"$1,850,000 "
"475 LAURIER W Avenue 1604, ",1,1,"$2,300 (2022)","Ottawa, ON, K1J 8T9","Condo,,Condo",11,"$336,900 "
"6062 MEADOWGLEN Drive, ",4,3,"$2,283 (2021)","Ottawa, ON, K1G 5R5","Condo,,Condo",8,"$675,000 "
"238 BESSERER Street 1204, ",1,1,"$6,238 (2022)","Ottawa, ON, K2E 7R2","House,,House",20,"$426,000 "
"47 SECOND Avenue, ",4,3,"$7,003 (2021)","Ottawa, ON, K2P 2N7","House,,House",2,"$1,099,000 "
"555 ANAND PRIVATE UNIT#502, ",2,1,,,,,"$409,000 "
"272 DOVERCOURT Avenue, ",4,4,N/A,"Ottawa, ON, K2G 5M9","House,,House",17'5'' x 11'8'',"$1,650,000 "
"58 GRENWICH Circle, ",N/A,N/A,N/A,"Ottawa, ON, K1R 1E2","House,,House",1,"$2,200,000 "
"702 ROANOKE Street, ",2,4,N/A,"Ottawa, ON, K2P 0X5","House,,House",1,"$649,900 "
"415 GREENVIEW AVENUE UNIT#904, ",2,4,N/A,"Ottawa, ON, K1R 5W9","House,,House",1,"$2,495 "
"397 RAVENHILL AVENUE, ",1,3,N/A,"Ottawa, ON, K1N 0B7","House,,House",1,"$799,000 "
"439 ROOSEVELT AVENUE, ",0 + 0,N/A,N/A,"Ottawa, ON, K1B 3P9","House,,House",3,"$749,000 "
"505 PIMIWIDON STREET, ",4,4,"$3,332 (2021)","Ottawa, ON, K1C 2J4","House,,House",13,"$3,200 "
"1352 AVENUE T AVENUE, ",2,3,"$8,737 (2022)","Ottawa, ON, K1G 4R4","House,,House",,"$719,000 "
"2650 SOUTHVALE CRESCENT UNIT#110, ",2,2,,,,,"$350,000 "
"98 RICHMOND ROAD UNIT#403, ",1,1,N/A,"Ottawa, ON, K2B 6J6","House,,House",1,"$2,100 "
"25 SILVER ASPEN Crescent, ",3,4,"$4,117 (2022)","Ottawa, ON, K1R 1E2","Condo,,Condo",8,"$960,000 "
"1967 MICHIGAN AVENUE, ",1,3,"$3,134 (2022)","Ottawa, ON, K1R 7W9","House,,House",1,"$749,900 "
"383 CUMBERLAND Street 312, ",1,1,"$2,796 (2022)","Ottawa, ON, K1J 1K5","Condo,,Condo",10,"$429,999 "
"530 LAURIER W Avenue 604, ",1,1,"$1,886 (2022)","Ottawa, ON, K1C 4P1","House,,House",1,"$309,500 "
"265 POULIN AVENUE UNIT#2108, ",2,2,"$4,296 (2022)","Ottawa, ON, K1V 6T8","House,,House",2,"$2,200 "
"883 HAMLET ROAD, ",3,4,"$2,300 (2022)","Ottawa, ON, K1J 8T9","Condo,,Condo",11,"$724,900 "
"1029 ADLEY ROAD, ",3,3,"$2,283 (2021)","Ottawa, ON, K1G 5R5","Condo,,Condo",8,"$699,900 "
"383 CUMBERLAND STREET UNIT#312, ",1,1,"$6,238 (2022)","Ottawa, ON, K2E 7R2","House,,House",20,"$429,999 "
"429 KENT STREET UNIT#515, ",1,1,"$7,003 (2021)","Ottawa, ON, K2P 2N7","House,,House",2,"$409,900 "
"177 WILBROD STREET UNIT#1, ",1,2,,,,,"$1,700 "
"415 GREENVIEW Avenue 407, ",2,2,N/A,"Ottawa, ON, K2G 5M9","House,,House",17'5'' x 11'8'',"$379,900 "
"40 LANDRY STREET UNIT#808, ",1,2,N/A,"Ottawa, ON, K1R 1E2","House,,House",1,"$380,000 "
"199 SLATER STREET UNIT#2008, ",1,1,N/A,"Ottawa, ON, K2P 0X5","House,,House",1,"$2,400 "
"46 HAMILTON N Avenue, ",3,4,N/A,"Ottawa, ON, K1R 5W9","House,,House",1,"$845,000 "
"1965 MULBERRY Crescent, ",5,5,N/A,"Ottawa, ON, K1N 0B7","House,,House",1,"$1,198,000 "
"57 COLUMBUS AVENUE, ",4,5,N/A,"Ottawa, ON, K1B 3P9","House,,House",3,"$4,500 "
"1356 ERINDALE Drive, ",2,3,"$3,332 (2021)","Ottawa, ON, K1C 2J4","House,,House",13,"$629,900 "
"90 LANDRY Street 1405, ",1,1,"$8,737 (2022)","Ottawa, ON, K1G 4R4","House,,House",,"$449,900 "
"190 HICKORY Street, ",N/A,N/A,,,,,"$1,100,000 "
"79 SAI CRESCENT, ",3,3,N/A,"Ottawa, ON, K2B 6J6","House,,House",1,"$699,900 "
"2 CLAVER STREET, ",4,4,"$4,117 (2022)","Ottawa, ON, K1R 1E2","Condo,,Condo",8,"$1,999,000 "
"167 PROVENDER AVENUE, ",3,4,"$3,134 (2022)","Ottawa, ON, K1R 7W9","House,,House",1,"$2,600 "
"652 MAKWA PRIVATE, ",3,2,"$2,796 (2022)","Ottawa, ON, K1J 1K5","Condo,,Condo",10,"$2,300 "
"190 HICKORY Street, ",2,4,"$1,886 (2022)","Ottawa, ON, K1C 4P1","House,,House",1,"$1,100,000 "
"1599 LASSITER Terrace 201, ",2,2,"$4,296 (2022)","Ottawa, ON, K1V 6T8","House,,House",2,"$315,000 "
"237 TEMBY PRIVATE, ",3,3,"$2,300 (2022)","Ottawa, ON, K1J 8T9","Condo,,Condo",11,"$475,000 "
"193 BRISTON PRIVATE, ",2,2,"$2,283 (2021)","Ottawa, ON, K1G 5R5","Condo,,Condo",8,"$425,000 "
"368 WINSTON AVENUE, ",3,3,"$6,238 (2022)","Ottawa, ON, K2E 7R2","House,,House",20,"$979,900 "
"135 CARRUTHERS AVENUE, ",0 + 0,N/A,"$7,003 (2021)","Ottawa, ON, K2P 2N7","House,,House",2,"$2,299,000 "
"236 FLORENCE Street, ",3,3,,,,,"$749,900 "
"40 LANDRY STREET UNIT#1112, ",1,2,N/A,"Ottawa, ON, K2G 5M9","House,,House",17'5'' x 11'8'',"$399,000 "
"1888 LA CHAPELLE Street, ",4,3,N/A,"Ottawa, ON, K1R 1E2","House,,House",1,"$624,900 "
"1356 MEADOWLANDS DRIVE E UNIT#802, ",1,2,N/A,"Ottawa, ON, K2P 0X5","House,,House",1,"$349,900 "
"273 MACOUN CIRCLE, ",3,3,N/A,"Ottawa, ON, K1R 5W9","House,,House",1,"$699,000 "
"115 HAVELOCK Street, ",2,3,N/A,"Ottawa, ON, K1N 0B7","House,,House",1,"$700,000 "
"27 BRISTON PRIVATE, ",2,2,N/A,"Ottawa, ON, K1B 3P9","House,,House",3,"$429,900 "
"805 CARLING AVENUE UNIT#2807, ",2,2,"$3,332 (2021)","Ottawa, ON, K1C 2J4","House,,House",13,"$1,245,000 "
"1249 NOTTING HILL AVENUE, ",3,3,"$8,737 (2022)","Ottawa, ON, K1G 4R4","House,,House",,"$789,000 "
"1815 LAXTON CRESCENT, ",2,3,,,,,"$749,000 "
"231 KIWANIS Court, ",4,5,N/A,"Ottawa, ON, K2B 6J6","House,,House",1,"$1,130,000 "
"676 BORTHWICK AVENUE UNIT#2, ",1,3,"$4,117 (2022)","Ottawa, ON, K1R 1E2","Condo,,Condo",8,"$1,995 "
"429 KENT Street 216, ",1,1,"$3,134 (2022)","Ottawa, ON, K1R 7W9","House,,House",1,"$364,900 "
"2182 ORIENT PARK Drive, ",2,4,"$2,796 (2022)","Ottawa, ON, K1J 1K5","Condo,,Condo",10,"$469,000 "
"18 FULTON AVENUE, ",2,3,"$1,886 (2022)","Ottawa, ON, K1C 4P1","House,,House",1,"$1,165,000 "
"202 ST PATRICK STREET UNIT#24, ",1,1,"$4,296 (2022)","Ottawa, ON, K1V 6T8","House,,House",2,"$409,750 "
"2162 STRATHMORE BOULEVARD, ",2,3,"$2,300 (2022)","Ottawa, ON, K1J 8T9","Condo,,Condo",11,"$2,675 "
"259 LALEMANT STREET, ",2,3,"$2,283 (2021)","Ottawa, ON, K1G 5R5","Condo,,Condo",8,"$2,200 "
"353B BOOTH STREET, ",3,3,"$6,238 (2022)","Ottawa, ON, K2E 7R2","House,,House",20,"$859,900 "
"258 RUSSELL AVENUE, ",3,4,"$7,003 (2021)","Ottawa, ON, K2P 2N7","House,,House",2,"$1,098,000 "
"245 KENT Street 1403, ",2,2,,,,,"$975,000 "
"2759 CAROUSEL CRESCENT UNIT#1708, ",2,2,N/A,"Ottawa, ON, K2G 5M9","House,,House",17'5'' x 11'8'',"$369,000 "
"429 KENT STREET UNIT#216, ",1,1,N/A,"Ottawa, ON, K1R 1E2","House,,House",1,"$364,900 "
"3 ASHBURY PLACE, ",2,3,N/A,"Ottawa, ON, K2P 0X5","House,,House",1,"$798,000 "
"2994 OLYMPIC WAY, ",2,3,N/A,"Ottawa, ON, K1R 5W9","House,,House",1,"$370,000 "
"245 KENT STREET UNIT#1403, ",2,2,N/A,"Ottawa, ON, K1N 0B7","House,,House",1,"$975,000 "
"162 KING EDWARD AVENUE, ",1,3,N/A,"Ottawa, ON, K1B 3P9","House,,House",3,"$3,200 "
"1255 VANCOUVER AVENUE, ",3,3,"$3,332 (2021)","Ottawa, ON, K1C 2J4","House,,House",13,"$614,000 "
"199 SLATER STREET UNIT#2208, ",3,2,"$8,737 (2022)","Ottawa, ON, K1G 4R4","House,,House",,"$1,150,000 "
"7325 MEO BLVD, ",5,4,,,,,"$1,900,000 "
"200 LETT STREET UNIT#208, ",2,2,N/A,"Ottawa, ON, K2B 6J6","House,,House",1,"$549,900 "
"40 BOTELER STREET UNIT#202, ",2,3,"$4,117 (2022)","Ottawa, ON, K1R 1E2","Condo,,Condo",8,"$1,298,000 "
"41 HILDA Street 204, ",1,1,"$3,134 (2022)","Ottawa, ON, K1R 7W9","House,,House",1,"$339,000 "
"1302 WOODSIDE DRIVE, ",2,2,"$2,796 (2022)","Ottawa, ON, K1J 1K5","Condo,,Condo",10,"$715,000 "
"946 MEADOWLANDS DRIVE, ",1,3,"$1,886 (2022)","Ottawa, ON, K1C 4P1","House,,House",1,"$565,000 "
"121 WHITESTONE DRIVE, ",5,5,"$4,296 (2022)","Ottawa, ON, K1V 6T8","House,,House",2,"$1,729,000 "
"1445 NORMANDY CRESCENT, ",2,3,"$2,300 (2022)","Ottawa, ON, K1J 8T9","Condo,,Condo",11,"$699,900 "
"1465 BASELINE ROAD UNIT#411, ",2,3,"$2,283 (2021)","Ottawa, ON, K1G 5R5","Condo,,Condo",8,"$379,900 "
"41 HILDA STREET UNIT#204, ",1,1,"$6,238 (2022)","Ottawa, ON, K2E 7R2","House,,House",20,"$339,000 "
"55 EMERALD POND PRIVATE, ",3,3,"$7,003 (2021)","Ottawa, ON, K2P 2N7","House,,House",2,"$599,900 "
"1062 PRINCE Street, ",2,3,,,,,"$699,000 "
"3547 WYMAN CRESCENT, ",2,2,N/A,"Ottawa, ON, K2G 5M9","House,,House",17'5'' x 11'8'',"$899,900 "
"708 PARKDALE AVENUE, ",2,3,N/A,"Ottawa, ON, K1R 1E2","House,,House",1,"$4,000 "
"1485 BASELINE ROAD UNIT#1205, ",2,3,N/A,"Ottawa, ON, K2P 0X5","House,,House",1,"$439,900 "
"1190 RICHMOND ROAD UNIT#203, ",2,2,N/A,"Ottawa, ON, K1R 5W9","House,,House",1,"$329,000 "
"1240 SOUTHWOOD DRIVE, ",3,5,N/A,"Ottawa, ON, K1N 0B7","House,,House",1,"$649,900 "
"40 NEPEAN STREET UNIT#2407, ",2,2,N/A,"Ottawa, ON, K1B 3P9","House,,House",3,"$649,900 "
"180 YORK STREET UNIT#304, ",1,1,"$3,332 (2021)","Ottawa, ON, K1C 2J4","House,,House",13,"$329,000 "
"169 CENTRAL PARK DRIVE, ",4,4,"$8,737 (2022)","Ottawa, ON, K1G 4R4","House,,House",,"$757,000 "
"1190 RICHMOND ROAD UNIT#203, ",2,2,,,,,"$329,000 "
"200 RIDEAU STREET UNIT#307, ",2,2,N/A,"Ottawa, ON, K2B 6J6","House,,House",1,"$529,900 "
"974 FALAISE ROAD, ",4,5,"$4,117 (2022)","Ottawa, ON, K1R 1E2","Condo,,Condo",8,"$4,300 "
"200 LETT Street 617, ",1,1,"$3,134 (2022)","Ottawa, ON, K1R 7W9","House,,House",1,"$459,900 "
"882 CLAUDE Street, ",3,5,"$2,796 (2022)","Ottawa, ON, K1J 1K5","Condo,,Condo",10,"$699,900 "
"280 BRITTANY Drive 210, ",1,1,"$1,886 (2022)","Ottawa, ON, K1C 4P1","House,,House",1,"$299,900 "
"2650 SOUTHVALE Crescent 403, ",2,2,"$4,296 (2022)","Ottawa, ON, K1V 6T8","House,,House",2,"$374,900 "
"1694 ROSEBELLA AVENUE, ",2,3,"$2,300 (2022)","Ottawa, ON, K1J 8T9","Condo,,Condo",11,"$3,100 "
"1975 MONTCLAIR Avenue, ",4,4,"$2,283 (2021)","Ottawa, ON, K1G 5R5","Condo,,Condo",8,"$1,200,000 "
"27 FULTON AVENUE, ",4,4,"$6,238 (2022)","Ottawa, ON, K2E 7R2","House,,House",20,"$4,600 "
"9 WILTON CRESCENT UNIT#2, ",1,2,"$7,003 (2021)","Ottawa, ON, K2P 2N7","House,,House",2,"$3,100 "
"2951 RIVERSIDE DRIVE UNIT#602, ",2,3,,,,,"$360,000 "
"46 GRANVILLE AVENUE, ",2,4,N/A,"Ottawa, ON, K2G 5M9","House,,House",17'5'' x 11'8'',"$1,650,000 "
"9 ATTWOOD CRESCENT, ",2,3,N/A,"Ottawa, ON, K1R 1E2","House,,House",1,"$899,000 "
"2634 ALTA VISTA DRIVE, ",1,3,N/A,"Ottawa, ON, K2P 0X5","House,,House",1,"$2,000 "
"268 FLORA STREET UNIT#2, ",1,3,N/A,"Ottawa, ON, K1R 5W9","House,,House",1,"$2,400 "
"6874 BILBERRY DRIVE, ",3,3,N/A,"Ottawa, ON, K1N 0B7","House,,House",1,"$475,000 "
"62 COLUMBUS AVENUE, ",0 + 0,N/A,N/A,"Ottawa, ON, K1B 3P9","House,,House",3,"$3,350,000 "
"665 BATHGATE DRIVE UNIT#1805, ",2,3,"$3,332 (2021)","Ottawa, ON, K1C 2J4","House,,House",13,"$395,000 "
"2020 JASMINE Crescent 704, ",2,3,"$8,737 (2022)","Ottawa, ON, K1G 4R4","House,,House",,"$320,000 "
"2332 SHANEGAL CRESCENT, ",3,4,,,,,"$699,999 "
"555 WILBROD STREET UNIT#302, ",2,2,N/A,"Ottawa, ON, K2B 6J6","House,,House",1,"$750,000 "
"113 MONTAUK PRIVATE, ",4,3,"$4,117 (2022)","Ottawa, ON, K1R 1E2","Condo,,Condo",8,"$6,000 "
"181 GUIGUES Avenue, ",3,3,"$3,134 (2022)","Ottawa, ON, K1R 7W9","House,,House",1,"$795,000 "
"129 KAMLOOPS Avenue, ",3,4,"$2,796 (2022)","Ottawa, ON, K1J 1K5","Condo,,Condo",10,"$1,465,000 "
"1825 HAIG DRIVE, ",1,2,"$1,886 (2022)","Ottawa, ON, K1C 4P1","House,,House",1,"$574,900 "
"1505 BASELINE ROAD UNIT#906, ",1,2,"$4,296 (2022)","Ottawa, ON, K1V 6T8","House,,House",2,"$349,900 "
"2476 CLOVER STREET, ",0 + 0,N/A,"$2,300 (2022)","Ottawa, ON, K1J 8T9","Condo,,Condo",11,"$549,900 "
"4 ISLAND CREEK Private, ",3,3,"$2,283 (2021)","Ottawa, ON, K1G 5R5","Condo,,Condo",8,"$989,000 "
"2871 RICHMOND ROAD UNIT#1116, ",2,2,"$6,238 (2022)","Ottawa, ON, K2E 7R2","House,,House",20,"$349,900 "
"2345 RYDER STREET UNIT#A, ",1,3,"$7,003 (2021)","Ottawa, ON, K2P 2N7","House,,House",2,"$2,495 "
"3 SANDCLIFFE TERRACE, ",3,3,,,,,"$2,350 "
"340 MCLEOD Street 444, ",1,1,N/A,"Ottawa, ON, K2G 5M9","House,,House",17'5'' x 11'8'',"$369,900 "
"11 NEWPORT Crescent, ",3,3,N/A,"Ottawa, ON, K1R 1E2","House,,House",1,"$750,000 "
"86 SCOUT Street, ",4,3,N/A,"Ottawa, ON, K2P 0X5","House,,House",1,"$749,900 "
"242 RIDEAU STREET UNIT#806, ",1,1,N/A,"Ottawa, ON, K1R 5W9","House,,House",1,"$419,000 "
"2049 WOODGLEN Crescent, ",2,4,N/A,"Ottawa, ON, K1N 0B7","House,,House",1,"$868,000 "
"7 YORKVILLE STREET, ",1,2,N/A,"Ottawa, ON, K1B 3P9","House,,House",3,"$599,000 "
"113 NORTHWESTERN AVENUE, ",0 + 0,N/A,"$3,332 (2021)","Ottawa, ON, K1C 2J4","House,,House",13,"$1,400,000 "
"214 ARLINGTON AVENUE, ",2,5,"$8,737 (2022)","Ottawa, ON, K1G 4R4","House,,House",,"$629,500 "
"242 RIDEAU Street 1201, ",2,2,,,,,"$649,900 "
"164 MADAWASKA DR, ",2,5,N/A,"Ottawa, ON, K2B 6J6","House,,House",1,"$799,900 "
"23 SEGUIN Street, ",4,6,"$4,117 (2022)","Ottawa, ON, K1R 1E2","Condo,,Condo",8,"$748,888 "
"2020 JASMINE CRESCENT UNIT#810, ",2,3,"$3,134 (2022)","Ottawa, ON, K1R 7W9","House,,House",1,"$299,900 "
"133 KIMBERWICK CRESCENT, ",3,3,"$2,796 (2022)","Ottawa, ON, K1J 1K5","Condo,,Condo",10,"$748,000 "
"242 RIDEAU STREET UNIT#403, ",1,1,"$1,886 (2022)","Ottawa, ON, K1C 4P1","House,,House",1,"$1,850 "
"27 BEVERLEY Avenue, ",2,2,"$4,296 (2022)","Ottawa, ON, K1V 6T8","House,,House",2,"$799,000 "
"957 BARWELL AVENUE, ",3,3,"$2,300 (2022)","Ottawa, ON, K1J 8T9","Condo,,Condo",11,"$695,000 "
"915 ELMSMERE Road 1202, ",1,2,"$2,283 (2021)","Ottawa, ON, K1G 5R5","Condo,,Condo",8,"$300,000 "
"14 NORICE Street 206, ",2,1,"$6,238 (2022)","Ottawa, ON, K2E 7R2","House,,House",20,"$349,900 "
"309 CUMBERLAND Street 302, ",2,2,"$7,003 (2021)","Ottawa, ON, K2P 2N7","House,,House",2,"$300,000 "
"242 RIDEAU STREET UNIT#1201, ",2,2,,,,,"$649,900 "
"270 BRITTANY DRIVE UNIT#406, ",1,2,N/A,"Ottawa, ON, K2G 5M9","House,,House",17'5'' x 11'8'',"$309,900 "
"216 VIEWMOUNT DRIVE UNIT#202, ",1,2,N/A,"Ottawa, ON, K1R 1E2","House,,House",1,"$324,900 "
"54 CANBURY CRESCENT, ",4,4,N/A,"Ottawa, ON, K2P 0X5","House,,House",1,"$849,900 "
"898 RIDLEY BOULEVARD, ",1,3,N/A,"Ottawa, ON, K1R 5W9","House,,House",1,"$769,000 "
"58 NEWPORT CRES, ",3,3,N/A,"Ottawa, ON, K1N 0B7","House,,House",1,"$590,000 "
"35 HARLOWE Crescent, ",3,4,N/A,"Ottawa, ON, K1B 3P9","House,,House",3,"$995,000 "
"1828 THORNECREST STREET, ",4,4,"$3,332 (2021)","Ottawa, ON, K1C 2J4","House,,House",13,"$799,900 "
"656 GARDENVALE ROAD, ",2,5,"$8,737 (2022)","Ottawa, ON, K1G 4R4","House,,House",,"$699,000 "
"314 CENTRAL PARK DRIVE UNIT#301, ",2,2,,,,,"$509,900 "
"72 ARMSTRONG STREET UNIT#B, ",3,4,N/A,"Ottawa, ON, K2B 6J6","House,,House",1,"$3,875 "
"2021 WOODGLEN CRESCENT, ",3,5,"$4,117 (2022)","Ottawa, ON, K1R 1E2","Condo,,Condo",8,"$995,999 "
"371 TEMPLETON STREET, ",2,2,"$3,134 (2022)","Ottawa, ON, K1R 7W9","House,,House",1,"$749,900 "
"14 NORICE STREET UNIT#206, ",2,1,"$2,796 (2022)","Ottawa, ON, K1J 1K5","Condo,,Condo",10,"$349,900 "
"352 BAY STREET, ",1,2,"$1,886 (2022)","Ottawa, ON, K1C 4P1","House,,House",1,"$1,850 "
"330 TITAN PRIVATE UNIT#706, ",1,1,"$4,296 (2022)","Ottawa, ON, K1V 6T8","House,,House",2,"$399,000 "
"20 NOLAN AVENUE, ",3,3,"$2,300 (2022)","Ottawa, ON, K1J 8T9","Condo,,Condo",11,"$1,175,000 "
"234 RIDEAU STREET UNIT#2401, ",2,2,"$2,283 (2021)","Ottawa, ON, K1G 5R5","Condo,,Condo",8,"$649,000 "
"57A YOUNG STREET, ",3,3,"$6,238 (2022)","Ottawa, ON, K2E 7R2","House,,House",20,"$749,900 "
"383 CUMBERLAND STREET UNIT#PH910, ",2,2,"$7,003 (2021)","Ottawa, ON, K2P 2N7","House,,House",2,"$829,000 "
"227 PERCY Street, ",2,3,,,,,"$699,900 "
"196 HOPEWELL Avenue, ",4,6,N/A,"Ottawa, ON, K2G 5M9","House,,House",17'5'' x 11'8'',"$1,149,900 "
"414 NEPEAN W Street G, ",1,2,N/A,"Ottawa, ON, K1R 1E2","House,,House",1,"$479,900 "
"1186 BONNIE CRESCENT, ",2,4,N/A,"Ottawa, ON, K2P 0X5","House,,House",1,"$799,900 "
"300 RIVERDALE Avenue, ",3,3,N/A,"Ottawa, ON, K1R 5W9","House,,House",1,"$999,900 "
"20 ODOARDO DISANTO CIRC, ",4,4,N/A,"Ottawa, ON, K1N 0B7","House,,House",1,"$1,030,000 "
"624 PARKVIEW Road, ",N/A,N/A,N/A,"Ottawa, ON, K1B 3P9","House,,House",3,"$1,699,900 "
"2284 ORIENT PARK Drive 40, ",3,3,"$3,332 (2021)","Ottawa, ON, K1C 2J4","House,,House",13,"$468,800 "
"80 STEWART STREET, ",0 + 0,N/A,"$8,737 (2022)","Ottawa, ON, K1G 4R4","House,,House",,"$1,657,877 "
"76-78 STEWART STREET, ",0 + 0,N/A,,,,,"$1,990,202 "
"624 PARKVIEW Road, ",1,3,N/A,"Ottawa, ON, K2B 6J6","House,,House",1,"$1,699,900 "
"1703 DES RAVINS PLACE, ",4,4,"$4,117 (2022)","Ottawa, ON, K1R 1E2","Condo,,Condo",8,"$1,299,900 "
"88 RICHMOND ROAD UNIT#407, ",2,2,"$3,134 (2022)","Ottawa, ON, K1R 7W9","House,,House",1,"$600,000 "
"474 HILSON Avenue, ",2,3,"$2,796 (2022)","Ottawa, ON, K1J 1K5","Condo,,Condo",10,"$1,025,000 "
"1913 TWEED Avenue, ",2,3,"$1,886 (2022)","Ottawa, ON, K1C 4P1","House,,House",1,"$584,800 "
"428 SPARKS STREET UNIT#703, ",2,2,"$4,296 (2022)","Ottawa, ON, K1V 6T8","House,,House",2,"$779,900 "
"7 WINTERBURN TERRACE, ",3,3,"$2,300 (2022)","Ottawa, ON, K1J 8T9","Condo,,Condo",11,"$509,777 "
"2284 ORIENT PARK DRIVE UNIT#40, ",3,3,"$2,283 (2021)","Ottawa, ON, K1G 5R5","Condo,,Condo",8,"$468,800 "
"2169 RICE AVENUE, ",4,4,"$6,238 (2022)","Ottawa, ON, K2E 7R2","House,,House",20,"$1,990,000 "
"281 WESTHILL AVENUE, ",0 + 0,N/A,"$7,003 (2021)","Ottawa, ON, K2P 2N7","House,,House",2,"$1,220,000 "
"3205 UPLANDS DRIVE UNIT#32, ",3,3,,,,,"$499,000 "
"1594 CYRVILLE ROAD, ",0 + 0,N/A,N/A,"Ottawa, ON, K2G 5M9","House,,House",17'5'' x 11'8'',"$3,500,000 "
"400 SUNNYSIDE Avenue, ",N/A,N/A,N/A,"Ottawa, ON, K1R 1E2","House,,House",1,"$995,000 "
"17 BERGERON Private, ",1,1,N/A,"Ottawa, ON, K2P 0X5","House,,House",1,"$399,900 "
"329 SMYTH Road, ",5,4,N/A,"Ottawa, ON, K1R 5W9","House,,House",1,"$1,575,000 "
"107 DUNTROON CIRCLE, ",3,3,N/A,"Ottawa, ON, K1N 0B7","House,,House",1,"$2,495 "
"112 SUMMERWALK Place, ",3,4,N/A,"Ottawa, ON, K1B 3P9","House,,House",3,"$1,175,000 "
"820 HIGH STREET, ",0 + 0,N/A,"$3,332 (2021)","Ottawa, ON, K1C 2J4","House,,House",13,"$999,999 "
"177 WAVERLEY STREET UNIT#3, ",4,5,N/A,"Ottawa, ON, K1G 4R4","House,,House",,"$4,500 "
"2320 BLACKSTONE CRESCENT, ",4,4,,,,,"$929,900 "
"299 JAMES STREET, ",2,3,N/A,"Ottawa, ON, K2B 6J6","House,,House",1,"$859,000 "
"530 LAURIER AVENUE W UNIT#2209, ",2,3,"$4,117 (2022)","Ottawa, ON, K1R 1E2","Condo,,Condo",8,"$3,200 "
"210 WOODROFFE AVENUE, ",2,2,"$3,134 (2022)","Ottawa, ON, K1R 7W9","House,,House",1,"$775,000 "
"32 HORNER Drive, ",3,4,"$2,796 (2022)","Ottawa, ON, K1J 1K5","Condo,,Condo",10,"$1,035,000 "
"708 PARKDALE Avenue, ",2,3,"$1,886 (2022)","Ottawa, ON, K1C 4P1","House,,House",1,"$1,175,000 "
"9 SIENNA Private, ",3,3,"$4,296 (2022)","Ottawa, ON, K1V 6T8","House,,House",2,"$649,900 "
"234 RIDEAU STREET UNIT#707, ",1,1,"$2,300 (2022)","Ottawa, ON, K1J 8T9","Condo,,Condo",11,"$394,900 "
"356 HOLLAND Avenue, ",2,3,"$2,283 (2021)","Ottawa, ON, K1G 5R5","Condo,,Condo",8,"$829,900 "
"909 ELMSMERE DRIVE UNIT#E, ",2,3,"$6,238 (2022)","Ottawa, ON, K2E 7R2","House,,House",20,"$375,000 "
"2001 FAIRBANKS AVENUE, ",5,5,"$7,003 (2021)","Ottawa, ON, K2P 2N7","House,,House",2,"$1,390,000 "
"383 CUMBERLAND STREET UNIT#312, ",1,1,,,,,"$2,050 "
"1599 DIGBY Street, ",2,3,N/A,"Ottawa, ON, K2G 5M9","House,,House",17'5'' x 11'8'',"$765,000 "
"976 DYNES Road, ",3,7,N/A,"Ottawa, ON, K1R 1E2","House,,House",1,"$999,999 "
"1500 RIVERSIDE DRIVE UNIT#PH2407, ",2,2,N/A,"Ottawa, ON, K2P 0X5","House,,House",1,"$3,000 "
"1353 KINGSTON AVENUE, ",0 + 0,N/A,N/A,"Ottawa, ON, K1R 5W9","House,,House",1,"$472,900 "
"171 STANLEY AVENUE, ",4,4,N/A,"Ottawa, ON, K1N 0B7","House,,House",1,"$1,569,000 "
"4401 ASHCROFT COURT, ",3,3,N/A,"Ottawa, ON, K1B 3P9","House,,House",3,"$629,750 "
"56 CASTLETHORPE CRESCENT, ",3,4,"$3,332 (2021)","Ottawa, ON, K1C 2J4","House,,House",13,"$1,049,900 "
"200 LAFONTAINE Avenue 302, ",2,2,N/A,"Ottawa, ON, K1G 4R4","House,,House",,"$309,900 "
"204 LINDENPARK PRIVATE, ",3,3,,,,,"$999,900 "
"166 HINTON AVENUE N, ",3,3,N/A,"Ottawa, ON, K2B 6J6","House,,House",1,"$849,900 "
"2871 RICHMOND ROAD UNIT#601, ",2,2,"$4,117 (2022)","Ottawa, ON, K1R 1E2","Condo,,Condo",8,"$369,900 "
"31 CLAUDET CRESCENT, ",2,3,"$3,134 (2022)","Ottawa, ON, K1R 7W9","House,,House",1,"$849,900 "
"1231 KINGSTON AVENUE, ",2,3,"$2,796 (2022)","Ottawa, ON, K1J 1K5","Condo,,Condo",10,"$649,000 "
"167 STRATHCONA AVENUE, ",2,3,"$1,886 (2022)","Ottawa, ON, K1C 4P1","House,,House",1,"$1,200,000 "
"2785 BASELINE ROAD UNIT#407, ",1,1,"$4,296 (2022)","Ottawa, ON, K1V 6T8","House,,House",2,"$359,000 "
"847 DUBERRY STREET, ",2,3,"$2,300 (2022)","Ottawa, ON, K1J 8T9","Condo,,Condo",11,"$799,900 "
"255 BAY STREET UNIT#317, ",2,2,"$2,283 (2021)","Ottawa, ON, K1G 5R5","Condo,,Condo",8,"$569,000 "
"909 ELMSMERE DRIVE UNIT#E, ",2,3,"$6,238 (2022)","Ottawa, ON, K2E 7R2","House,,House",20,"$375,000 "
"2640 COLMAN STREET, ",2,4,"$7,003 (2021)","Ottawa, ON, K2P 2N7","House,,House",2,"$650,000 "
"1000 BUCKSKIN WAY, ",3,4,,,,,"$824,800 "
"200 BESSERER STREET UNIT#606, ",1,1,N/A,"Ottawa, ON, K2G 5M9","House,,House",17'5'' x 11'8'',"$410,000 "
"270 TITANIUM Private B, ",2,2,N/A,"Ottawa, ON, K1R 1E2","House,,House",1,"$484,900 "
"1032 KARSH DRIVE, ",4,4,N/A,"Ottawa, ON, K2P 0X5","House,,House",1,"$829,900 "
"285 FREEDOM Private, ",4,3,N/A,"Ottawa, ON, K1R 5W9","House,,House",1,"$699,900 "
"195 BESSERER Street 2607, ",1,1,N/A,"Ottawa, ON, K1N 0B7","House,,House",1,"$424,900 "
"13 DONNA STREET, ",1,2,N/A,"Ottawa, ON, K1B 3P9","House,,House",3,"$1,650 "
"1380 PRINCE OF WALES DRIVE UNIT#1202, ",1,2,"$3,332 (2021)","Ottawa, ON, K1C 2J4","House,,House",13,"$309,900 "
"4 BOWMOOR AVENUE, ",3,4,N/A,"Ottawa, ON, K1G 4R4","House,,House",,"$830,000 "
"242 RIDEAU STREET UNIT#PH1  2703, ",2,2,,,,,"$619,900 "
"2050 CHARLENE, ",3,5,N/A,"Ottawa, ON, K2B 6J6","House,,House",1,"$1,199,900 "
"6828 JEANNE D'ARC N Boulevard A, ",2,2,"$4,117 (2022)","Ottawa, ON, K1R 1E2","Condo,,Condo",8,"$410,000 "
"933 ALPINE AVENUE, ",2,4,"$3,134 (2022)","Ottawa, ON, K1R 7W9","House,,House",1,"$925,000 "
"281 KIRCHOFFER AVENUE, ",5,5,"$2,796 (2022)","Ottawa, ON, K1J 1K5","Condo,,Condo",10,"$6,500 "
"60 SPRINGHURST AVENUE UNIT#211, ",2,1,"$1,886 (2022)","Ottawa, ON, K1C 4P1","House,,House",1,"$649,900 "
"630 DICKINSON AVENUE, ",2,5,"$4,296 (2022)","Ottawa, ON, K1V 6T8","House,,House",2,"$650,000 "
"213 ARMSTRONG Street, ",N/A,N/A,"$2,300 (2022)","Ottawa, ON, K1J 8T9","Condo,,Condo",11,"$1,089,900 "
"1508 MELFA CIRCLE, ",2,5,"$2,283 (2021)","Ottawa, ON, K1G 5R5","Condo,,Condo",8,"$3,800 "
"200 RIDEAU STREET UNIT#1505, ",2,2,"$6,238 (2022)","Ottawa, ON, K2E 7R2","House,,House",20,"$594,900 "
"270 TITANIUM PRIVATE UNIT#B, ",2,2,"$7,003 (2021)","Ottawa, ON, K2P 2N7","House,,House",2,"$484,900 "
"251 MEILLEUR PRIVATE, ",4,3,,,,,"$749,900 "
"1412 HEMLOCK ROAD, ",3,4,N/A,"Ottawa, ON, K2G 5M9","House,,House",17'5'' x 11'8'',"$719,900 "
"195 BESSERER STREET UNIT#2607, ",1,1,N/A,"Ottawa, ON, K1R 1E2","House,,House",1,"$424,900 "
"382 WINSTON Avenue, ",N/A,N/A,N/A,"Ottawa, ON, K2P 0X5","House,,House",1,"$779,000 "
"111 CHAMPAGNE AVENUE UNIT#1708, ",1,1,N/A,"Ottawa, ON, K1R 5W9","House,,House",1,"$429,900 "
"915 ELMSMERE Road 810, ",1,2,N/A,"Ottawa, ON, K1N 0B7","House,,House",1,"$329,900 "
"46 PERCY STREET, ",2,3,N/A,"Ottawa, ON, K1B 3P9","House,,House",3,"$3,150 "
"1572 AINSLEY Drive, ",3,5,"$3,332 (2021)","Ottawa, ON, K1C 2J4","House,,House",13,"$699,900 "
"146 CARWOOD CIRCLE, ",3,3,N/A,"Ottawa, ON, K1G 4R4","House,,House",,"$649,900 "
"114 RITA AVENUE, ",5,4,,,,,"$2,175,000 "
"224 LYON STREET UNIT#1116, ",1,2,N/A,"Ottawa, ON, K2B 6J6","House,,House",1,"$2,475 "
"29 BURROWS ROAD, ",3,4,"$4,117 (2022)","Ottawa, ON, K1R 1E2","Condo,,Condo",8,"$1,690,000 "
"29 LEEMING DRIVE, ",3,5,"$3,134 (2022)","Ottawa, ON, K1R 7W9","House,,House",1,"$2,900 "
"825 CAHILL DRIVE W UNIT#184, ",2,3,"$2,796 (2022)","Ottawa, ON, K1J 1K5","Condo,,Condo",10,"$335,000 "
"6475 TIMOTHY COURT, ",2,3,"$1,886 (2022)","Ottawa, ON, K1C 4P1","House,,House",1,"$497,000 "
"837 EASTVALE DRIVE UNIT#130, ",2,4,"$4,296 (2022)","Ottawa, ON, K1V 6T8","House,,House",2,"$415,000 "
"377 DOMINION AVENUE, ",3,3,"$2,300 (2022)","Ottawa, ON, K1J 8T9","Condo,,Condo",11,"$1,119,900 "
"80 DONALD STREET, ",2,4,"$2,283 (2021)","Ottawa, ON, K1G 5R5","Condo,,Condo",8,"$799,000 "
"78 CASTLEGREEN PRIVATE, ",3,3,"$6,238 (2022)","Ottawa, ON, K2E 7R2","House,,House",20,"$549,900 "
"1610 SAXONY CRES, ",2,3,"$7,003 (2021)","Ottawa, ON, K2P 2N7","House,,House",2,"$722,900 "
"17 CRIMSON GATE, ",4,3,,,,,"$699,900 "
"251 MEILLEUR PRIVATE, ",4,3,N/A,"Ottawa, ON, K2G 5M9","House,,House",17'5'' x 11'8'',"$749,900 "
"48 TIVERTON Drive, ",2,4,N/A,"Ottawa, ON, K1R 1E2","House,,House",1,"$574,000 "
"763 SHERBOURNE ROAD, ",3,5,N/A,"Ottawa, ON, K2P 0X5","House,,House",1,"$1,200,000 "
"1380 PRINCE OF WALES DRIVE UNIT#2504, ",1,2,N/A,"Ottawa, ON, K1R 5W9","House,,House",1,"$325,000 "
"101 QUEEN Street 1406, ",3,2,N/A,"Ottawa, ON, K1N 0B7","House,,House",1,"$1,892,700 "
"134 FARADAY STREET, ",1,3,N/A,"Ottawa, ON, K1B 3P9","House,,House",3,"$2,300 "
"65 OBLATS AVENUE, ",3,3,"$3,332 (2021)","Ottawa, ON, K1C 2J4","House,,House",13,"$1,100,000 "
"295 WESTHILL Avenue, ",4,3,N/A,"Ottawa, ON, K1G 4R4","House,,House",,"$1,295,000 "
"2305 BASELINE ROAD UNIT#1, ",1,2,,,,,"$1,850 "
"1380 PRINCE OF WALES DRIVE UNIT#209, ",1,1,N/A,"Ottawa, ON, K2B 6J6","House,,House",1,"$299,900 "
"1748 STONEBOAT CRESCENT, ",2,3,"$4,117 (2022)","Ottawa, ON, K1R 1E2","Condo,,Condo",8,"$574,900 "
"5895 GLADEWOODS PLACE, ",3,3,"$3,134 (2022)","Ottawa, ON, K1R 7W9","House,,House",1,"$819,800 "
"97 HOLMWOOD AVENUE, ",2,3,"$2,796 (2022)","Ottawa, ON, K1J 1K5","Condo,,Condo",10,"$999,900 "
"179 GEORGE STREET UNIT#PH 2, ",2,2,"$1,886 (2022)","Ottawa, ON, K1C 4P1","House,,House",1,"$3,100 "
"530 DE MAZENOD Avenue 710, ",2,2,"$4,296 (2022)","Ottawa, ON, K1V 6T8","House,,House",2,"$799,900 "
"741 LUDGATE Court, ",4,4,"$2,300 (2022)","Ottawa, ON, K1J 8T9","Condo,,Condo",11,"$1,360,000 "
"171 ETHEL Street, ",2,5,"$2,283 (2021)","Ottawa, ON, K1G 5R5","Condo,,Condo",8,"$559,900 "
"1081 AMBLESIDE DRIVE UNIT#801, ",1,2,"$6,238 (2022)","Ottawa, ON, K2E 7R2","House,,House",20,"$352,900 "
"526 KIRKWOOD AVENUE, ",2,3,"$7,003 (2021)","Ottawa, ON, K2P 2N7","House,,House",2,"$750,000 "
"1180 OHIO STREET UNIT#507, ",1,2,,,,,"$299,900 "
"1177 BELANGER AVENUE UNIT#206, ",1,2,N/A,"Ottawa, ON, K2G 5M9","House,,House",17'5'' x 11'8'',"$359,900 "
"3043 FAIRLEA Crescent 14, ",2,4,N/A,"Ottawa, ON, K1R 1E2","House,,House",1,"$364,900 "
"530 DE MAZENOD AVENUE UNIT#710, ",2,2,N/A,"Ottawa, ON, K2P 0X5","House,,House",1,"$799,900 "
"369 NORTH RIVER Road PH-A, ",2,3,N/A,"Ottawa, ON, K1R 5W9","House,,House",1,"$1,049,900 "
"1305 AVENUE N Avenue, ",3,3,N/A,"Ottawa, ON, K1N 0B7","House,,House",1,"$699,900 "
"369 NORTH RIVER ROAD UNIT#PH-A, ",2,3,N/A,"Ottawa, ON, K1B 3P9","House,,House",3,"$1,049,900 "
"2709 VIOLET STREET, ",2,3,"$3,332 (2021)","Ottawa, ON, K1C 2J4","House,,House",13,"$599,900 "
"3043 FAIRLEA CRESCENT UNIT#14, ",2,4,N/A,"Ottawa, ON, K1G 4R4","House,,House",,"$364,900 "
"88 NORICE STREET, ",5,5,,,,,"$2,549,900 "
"97 HOLMWOOD AVENUE, ",2,3,N/A,"Ottawa, ON, K2B 6J6","House,,House",1,"$999,900 "
"3043 FAIRLEA CRESCENT UNIT#14, ",2,4,"$4,117 (2022)","Ottawa, ON, K1R 1E2","Condo,,Condo",8,"$364,900 "
"30 ROCKY RIDGE COURT, ",4,4,"$3,134 (2022)","Ottawa, ON, K1R 7W9","House,,House",1,"$1,222,000 "
"118 HOLMWOOD AVENUE UNIT#702, ",1,1,"$2,796 (2022)","Ottawa, ON, K1J 1K5","Condo,,Condo",10,"$559,000 "
"484 ROOSEVELT AVENUE, ",0 + 0,N/A,"$1,886 (2022)","Ottawa, ON, K1C 4P1","House,,House",1,"$1,525,000 "
"1081 AMBLESIDE DRIVE UNIT#801, ",1,2,"$4,296 (2022)","Ottawa, ON, K1V 6T8","House,,House",2,"$352,900 "
"362 STEWART STREET, ",4,5,"$2,300 (2022)","Ottawa, ON, K1J 8T9","Condo,,Condo",11,"$1,498,000 "
"29-31 PANSY AVENUE, ",3,6,"$2,283 (2021)","Ottawa, ON, K1G 5R5","Condo,,Condo",8,"$989,900 "
"20 DALY AVENUE UNIT#1909, ",2,2,"$6,238 (2022)","Ottawa, ON, K2E 7R2","House,,House",20,"$849,900 "
"1380 PRINCE OF WALES DRIVE UNIT#209, ",1,1,"$7,003 (2021)","Ottawa, ON, K2P 2N7","House,,House",2,"$299,900 "
"1390 FOXWELL STREET, ",2,3,,,,,"$464,900 "
"1499 CHATELAIN AVENUE, ",2,3,N/A,"Ottawa, ON, K2G 5M9","House,,House",17'5'' x 11'8'',"$2,750 "
"115 1/2 FOURTH AVENUE, ",3,3,N/A,"Ottawa, ON, K1R 1E2","House,,House",1,"$4,375 "
"229 POWELL AVENUE UNIT#1, ",2,2,N/A,"Ottawa, ON, K2P 0X5","House,,House",1,"$2,650 "
"211-229 MURRAY STREET, ",0 + 0,N/A,N/A,"Ottawa, ON, K1R 5W9","House,,House",1,"$3,300,000 "
"329 FREEDOM PRIVATE, ",3,3,N/A,"Ottawa, ON, K1N 0B7","House,,House",1,"$784,000 "
"211-229 MURRAY Street, ",N/A,N/A,N/A,"Ottawa, ON, K1B 3P9","House,,House",3,"$3,300,000 "
"227-229 MURRAY Street, ",8,8,"$3,332 (2021)","Ottawa, ON, K1C 2J4","House,,House",13,"$849,000 "
"223 MURRAY Street, ",6,6,N/A,"Ottawa, ON, K1G 4R4","House,,House",,"$499,000 "
"219-219b MURRAY Street, ",5,7,,,,,"$499,000 "
"217-217b MURRAY Street, ",6,6,N/A,"Ottawa, ON, K2B 6J6","House,,House",1,"$499,000 "
"213 MURRAY Street, ",3,3,"$4,117 (2022)","Ottawa, ON, K1R 1E2","Condo,,Condo",8,"$399,000 "
"120 HOLLAND Avenue 5B, ",1,1,"$3,134 (2022)","Ottawa, ON, K1R 7W9","House,,House",1,"$675,000 "
"211-229 MURRAY STREET, ",0 + 0,N/A,"$2,796 (2022)","Ottawa, ON, K1J 1K5","Condo,,Condo",10,"$3,300,000 "
"120 HOLLAND AVENUE UNIT#5B, ",1,1,"$1,886 (2022)","Ottawa, ON, K1C 4P1","House,,House",1,"$675,000 "
"211 MURRAY Street, ",3,3,"$4,296 (2022)","Ottawa, ON, K1V 6T8","House,,House",2,"$399,000 "
"1876 DU CLAIRVAUX ROAD, ",4,4,"$2,300 (2022)","Ottawa, ON, K1J 8T9","Condo,,Condo",11,"$884,900 "
"805 CARLING Avenue 3703, ",1,1,"$2,283 (2021)","Ottawa, ON, K1G 5R5","Condo,,Condo",8,"$499,900 "
"373 LAURIER AVENUE UNIT#402, ",2,2,"$6,238 (2022)","Ottawa, ON, K2E 7R2","House,,House",20,"$3,000 "
"3380 CLEARWATER CRESCENT, ",2,5,"$7,003 (2021)","Ottawa, ON, K2P 2N7","House,,House",2,"$3,600 "
"3299 RIVERSIDE DR, ",5,10,,,,,"$1,500,000 "
"200 RIDEAU STREET UNIT#511, ",1,1,N/A,"Ottawa, ON, K2G 5M9","House,,House",17'5'' x 11'8'',"$379,900 "
"3315 SOUTHGATE ROAD, ",3,4,N/A,"Ottawa, ON, K1R 1E2","House,,House",1,"$624,900 "
"12 CORKSTOWN ROAD UNIT#210, ",1,2,N/A,"Ottawa, ON, K2P 0X5","House,,House",1,"$448,400 "
"1380 PRINCE OF WALES Drive 203, ",2,3,N/A,"Ottawa, ON, K1R 5W9","House,,House",1,"$349,900 "
"288 DUNCAIRN Avenue, ",N/A,N/A,N/A,"Ottawa, ON, K1N 0B7","House,,House",1,"$2,299,900 "
"2609 BASELINE Road, ",2,3,N/A,"Ottawa, ON, K1B 3P9","House,,House",3,"$324,900 "
"2011 SHAREL Drive, ",2,4,"$3,332 (2021)","Ottawa, ON, K1C 2J4","House,,House",13,"$799,000 "
"1500 RIVERSIDE Drive 106, ",1,1,N/A,"Ottawa, ON, K1G 4R4","House,,House",,"$475,000 "
"72 MARGRAVE AVENUE, ",3,3,,,,,"$670,000 "
"120 GRANT CARMAN DRIVE UNIT#801, ",1,1,N/A,"Ottawa, ON, K2B 6J6","House,,House",1,"$1,950 "
"900 RIDDELL AVENUE N, ",2,4,"$4,117 (2022)","Ottawa, ON, K1R 1E2","Condo,,Condo",8,"$735,000 "
"2687 CRESTHILL STREET UNIT#1, ",1,3,"$3,134 (2022)","Ottawa, ON, K1R 7W9","House,,House",1,"$1,995 "
"213 ARMSTRONG Street, ",2,5,"$2,796 (2022)","Ottawa, ON, K1J 1K5","Condo,,Condo",10,"$1,089,900 "
"316 BRUYERE Street 211, ",2,2,"$1,886 (2022)","Ottawa, ON, K1C 4P1","House,,House",1,"$485,000 "
"26 ARGUE DRIVE, ",1,4,"$4,296 (2022)","Ottawa, ON, K1V 6T8","House,,House",2,"$3,000 "
"434 HINTON AVENUE, ",3,4,"$2,300 (2022)","Ottawa, ON, K1J 8T9","Condo,,Condo",11,"$3,500 "
"673 TWEEDSMUIR AVENUE, ",0 + 0,N/A,"$2,283 (2021)","Ottawa, ON, K1G 5R5","Condo,,Condo",8,"$1,298,000 "
"429 SOMERSET W Street 1211, ",1,1,"$6,238 (2022)","Ottawa, ON, K2E 7R2","House,,House",20,"$435,000 "
"81 CENTRAL PARK Drive, ",3,3,"$7,003 (2021)","Ottawa, ON, K2P 2N7","House,,House",2,"$659,900 "
"230 LATCHFORD Road, ",3,3,,,,,"$929,000 "
"200 LAFONTAINE Avenue 1107, ",2,2,N/A,"Ottawa, ON, K2G 5M9","House,,House",17'5'' x 11'8'',"$299,900 "
"85-87 DOANE STREET, ",0 + 0,N/A,N/A,"Ottawa, ON, K1R 1E2","House,,House",1,"$779,900 "
"844 CONNAUGHT AVENUE, ",2,5,N/A,"Ottawa, ON, K2P 0X5","House,,House",1,"$798,800 "
"2445 TUPPER AVENUE, ",2,4,N/A,"Ottawa, ON, K1R 5W9","House,,House",1,"$699,950 "
"705 BEAUPARC Private 301, ",2,2,N/A,"Ottawa, ON, K1N 0B7","House,,House",1,"$499,900 "
"6793 NOTRE-DAME STREET, ",3,8,N/A,"Ottawa, ON, K1B 3P9","House,,House",3,"$889,900 "
"247 GRANVILLE STREET UNIT#B, ",1,1,"$3,332 (2021)","Ottawa, ON, K1C 2J4","House,,House",13,"$1,400 "
"44 GLENDALE AVENUE, ",1,4,N/A,"Ottawa, ON, K1G 4R4","House,,House",,"$1,049,000 "
"203 CATHERINE STREET UNIT#614, ",2,2,,,,,"$694,900 "
"186 PARKIN Circle, ",3,3,N/A,"Ottawa, ON, K2B 6J6","House,,House",1,"$699,900 "
"382 WINSTON Avenue, ",2,2,"$4,117 (2022)","Ottawa, ON, K1R 1E2","Condo,,Condo",8,"$779,000 "
"2967 SOUTHMORE E Drive, ",3,4,"$3,134 (2022)","Ottawa, ON, K1R 7W9","House,,House",1,"$800,000 "
"1542 LASSITER Terrace, ",2,3,"$2,796 (2022)","Ottawa, ON, K1J 1K5","Condo,,Condo",10,"$389,900 "
"84 CARWOOD CIRCLE, ",2,3,"$1,886 (2022)","Ottawa, ON, K1C 4P1","House,,House",1,"$599,900 "
"498 ATHLONE Avenue, ",2,3,"$4,296 (2022)","Ottawa, ON, K1V 6T8","House,,House",2,"$949,000 "
"575 BYRON AVENUE UNIT#316, ",1,1,"$2,300 (2022)","Ottawa, ON, K1J 8T9","Condo,,Condo",11,"$450,000 "
"49 FAIRMONT AVENUE, ",0 + 0,N/A,"$2,283 (2021)","Ottawa, ON, K1G 5R5","Condo,,Condo",8,"$1,739,000 "
"705 BEAUPARC PRIVATE UNIT#301, ",2,2,"$6,238 (2022)","Ottawa, ON, K2E 7R2","House,,House",20,"$499,900 "
"428 VIEWMOUNT DRIVE, ",3,4,"$7,003 (2021)","Ottawa, ON, K2P 2N7","House,,House",2,"$879,900 "
"133 SPADINA Avenue, ",2,5,,,,,"$999,999 "
"805 CARLING Avenue 3304, ",2,2,N/A,"Ottawa, ON, K2G 5M9","House,,House",17'5'' x 11'8'',"$995,000 "
"10 ROSEMOUNT AVENUE UNIT#211, ",1,2,N/A,"Ottawa, ON, K1R 1E2","House,,House",1,"$599,900 "
"249 SUNNYSIDE AVENUE UNIT#A, ",2,2,N/A,"Ottawa, ON, K2P 0X5","House,,House",1,"$749,900 "
"188 BIRCH HILL PRIVATE, ",3,6,N/A,"Ottawa, ON, K1R 5W9","House,,House",1,"$3,000 "
"1335 BETHAMY LANE, ",2,3,N/A,"Ottawa, ON, K1N 0B7","House,,House",1,"$399,900 "
"6470 BILBERRY Drive Unit# 107, ",2,2,N/A,"Ottawa, ON, K1B 3P9","House,,House",3,"$299,900 "
"2020 JASMINE CRESCENT UNIT#1105, ",1,2,"$3,332 (2021)","Ottawa, ON, K1C 2J4","House,,House",13,"$279,900 "
"754 SOUTHMORE DRIVE, ",3,4,N/A,"Ottawa, ON, K1G 4R4","House,,House",,"$774,900 "
"805 CARLING AVENUE UNIT#3304, ",2,2,,,,,"$995,000 "
"1542 LASSITER TERRACE, ",2,3,N/A,"Ottawa, ON, K2B 6J6","House,,House",1,"$389,900 "
"478 HILSON AVENUE, ",0 + 0,N/A,"$4,117 (2022)","Ottawa, ON, K1R 1E2","Condo,,Condo",8,"$1,198,000 "
"515 ST LAURENT BOULEVARD UNIT#2312, ",1,2,"$3,134 (2022)","Ottawa, ON, K1R 7W9","House,,House",1,"$274,000 "
"2193 BINGHAM STREET, ",1,3,"$2,796 (2022)","Ottawa, ON, K1J 1K5","Condo,,Condo",10,"$660,000 "
"912 RIDDELL AVENUE N, ",4,4,"$1,886 (2022)","Ottawa, ON, K1C 4P1","House,,House",1,"$1,198,800 "
"1446 WOODWARD AVENUE, ",2,4,"$4,296 (2022)","Ottawa, ON, K1V 6T8","House,,House",2,"$685,000 "
"2226 FIFE Crescent, ",2,4,"$2,300 (2022)","Ottawa, ON, K1J 8T9","Condo,,Condo",11,"$699,900 "
"12 CORKSTOWN ROAD UNIT#123, ",1,2,"$2,283 (2021)","Ottawa, ON, K1G 5R5","Condo,,Condo",8,"$499,000 "
"300 POWELL Avenue 202, ",1,1,"$6,238 (2022)","Ottawa, ON, K2E 7R2","House,,House",20,"$489,900 "
"1480 RIVERSIDE DRIVE UNIT#2002, ",3,2,"$7,003 (2021)","Ottawa, ON, K2P 2N7","House,,House",2,"$959,000 "
"805 CARLING AVENUE UNIT#2801, ",1,1,,,,,"$2,300 "
"556 LAURIER AVENUE UNIT#2003, ",3,3,N/A,"Ottawa, ON, K2G 5M9","House,,House",17'5'' x 11'8'',"$539,900 "
"1058-1066 SILVER STREET, ",0 + 0,N/A,N/A,"Ottawa, ON, K1R 1E2","House,,House",1,"$2,650,000 "
"978 ADMIRAL Avenue, ",2,2,N/A,"Ottawa, ON, K2P 0X5","House,,House",1,"$675,000 "
"374 COOPER STREET UNIT#901, ",2,2,N/A,"Ottawa, ON, K1R 5W9","House,,House",1,"$659,000 "
"6393 SABLEWOOD PLACE, ",3,3,N/A,"Ottawa, ON, K1N 0B7","House,,House",1,"$659,900 "
"2545 NEEDHAM Crescent, ",2,5,N/A,"Ottawa, ON, K1B 3P9","House,,House",3,"$945,000 "
"121 QUEEN MARY STREET, ",2,3,"$3,332 (2021)","Ottawa, ON, K1C 2J4","House,,House",13,"$729,900 "
"276 MAIN STREET, ",2,5,N/A,"Ottawa, ON, K1G 4R4","House,,House",,"$998,900 "
"2542 NEEDHAM CRESCENT, ",2,4,,,,,"$744,900 "
"18 CENTENNIAL Boulevard, ",2,3,N/A,"Ottawa, ON, K2B 6J6","House,,House",1,"$899,900 "
"1191 STANTON ROAD, ",3,4,"$4,117 (2022)","Ottawa, ON, K1R 1E2","Condo,,Condo",8,"$935,000 "
"6233 FORTUNE Drive, ",3,4,"$3,134 (2022)","Ottawa, ON, K1R 7W9","House,,House",1,"$799,000 "
"4 GWYNNE AVENUE, ",3,3,"$2,796 (2022)","Ottawa, ON, K1J 1K5","Condo,,Condo",10,"$759,000 "
"2630 SOUTHVALE CRESCENT UNIT#514, ",2,3,"$1,886 (2022)","Ottawa, ON, K1C 4P1","House,,House",1,"$399,000 "
"2616 FLANNERY DRIVE, ",2,3,"$4,296 (2022)","Ottawa, ON, K1V 6T8","House,,House",2,"$690,000 "
"2563 HOPKINS ROAD, ",2,3,"$2,300 (2022)","Ottawa, ON, K1J 8T9","Condo,,Condo",11,"$649,800 "
"259 GARNEAU STREET, ",4,4,"$2,283 (2021)","Ottawa, ON, K1G 5R5","Condo,,Condo",8,"$1,295,000 "
"576 THOMSON STREET, ",0 + 0,N/A,"$6,238 (2022)","Ottawa, ON, K2E 7R2","House,,House",20,"$1,450,000 "
"117 GATESTONE Private, ",2,2,"$7,003 (2021)","Ottawa, ON, K2P 2N7","House,,House",2,"$419,900 "
"545 ST LAURENT BOULEVARD UNIT#807, ",2,2,,,,,"$524,900 "
"902 GOREN AVENUE, ",2,4,N/A,"Ottawa, ON, K2G 5M9","House,,House",17'5'' x 11'8'',"$849,900 "
"242 RIDEAU STREET UNIT#1301, ",2,2,N/A,"Ottawa, ON, K1R 1E2","House,,House",1,"$699,900 "
"214 VIEWMOUNT DRIVE UNIT#417, ",1,2,N/A,"Ottawa, ON, K2P 0X5","House,,House",1,"$2,100 "
"665 BATHGATE DRIVE UNIT#1508, ",1,2,N/A,"Ottawa, ON, K1R 5W9","House,,House",1,"$324,900 "
"1308 THAMES STREET UNIT#202, ",1,1,N/A,"Ottawa, ON, K1N 0B7","House,,House",1,"$339,900 "
"324 LAURIER AVENUE W UNIT#2109, ",2,2,N/A,"Ottawa, ON, K1B 3P9","House,,House",3,"$765,000 "
"816 TORSA COURT, ",3,4,"$3,332 (2021)","Ottawa, ON, K1C 2J4","House,,House",13,"$700,000 "
"4 GWYNNE AVENUE, ",3,3,N/A,"Ottawa, ON, K1G 4R4","House,,House",,"$759,000 "
"117 GATESTONE PRIVATE, ",2,2,,,,,"$419,900 "
"570 DE MAZENOD Avenue 406, ",2,2,N/A,"Ottawa, ON, K2B 6J6","House,,House",1,"$790,000 "
"570 DE MAZENOD Avenue 406, ",2,2,"$4,117 (2022)","Ottawa, ON, K1R 1E2","Condo,,Condo",8,"$790,000 "
"225 ALVIN ROAD UNIT#102, ",2,2,"$3,134 (2022)","Ottawa, ON, K1R 7W9","House,,House",1,"$464,000 "
"92 COLLEGE Circle, ",2,3,"$2,796 (2022)","Ottawa, ON, K1J 1K5","Condo,,Condo",10,"$699,990 "
"570 DE MAZENOD AVENUE UNIT#406, ",2,2,"$1,886 (2022)","Ottawa, ON, K1C 4P1","House,,House",1,"$790,000 "
"78 STEELE PARK PRIVATE, ",2,2,"$4,296 (2022)","Ottawa, ON, K1V 6T8","House,,House",2,"$461,000 "
"#626 -2300 ST.CLAIR AVE W, ",2,2,"$2,300 (2022)","Ottawa, ON, K1J 8T9","Condo,,Condo",11,"$2,650 "
"235 KENT Street 512, ",1,1,"$2,283 (2021)","Ottawa, ON, K1G 5R5","Condo,,Condo",8,"$399,900 "
"228 BRISTON PRIVATE, ",3,3,"$6,238 (2022)","Ottawa, ON, K2E 7R2","House,,House",20,"$448,800 "
"576 THOMSON STREET, ",3,5,"$7,003 (2021)","Ottawa, ON, K2P 2N7","House,,House",2,"$1,450,000 "
"43 ROSSLAND Avenue, ",4,4,,,,,"$1,599,900 "
"39 FORSYTH Lane, ",3,4,N/A,"Ottawa, ON, K2G 5M9","House,,House",17'5'' x 11'8'',"$595,000 "
"515 ST LAURENT BOULEVARD UNIT#320, ",2,3,N/A,"Ottawa, ON, K1R 1E2","House,,House",1,"$374,900 "
"2000 JASMINE CRESCENT UNIT#1204, ",2,3,N/A,"Ottawa, ON, K2P 0X5","House,,House",1,"$299,900 "
"1512 WALKLEY ROAD UNIT#24, ",2,2,N/A,"Ottawa, ON, K1R 5W9","House,,House",1,"$2,000 "
"325 SUNNYSIDE Avenue, ",N/A,N/A,N/A,"Ottawa, ON, K1N 0B7","House,,House",1,"$2,299,000 "
"325 SUNNYSIDE Avenue, ",N/A,N/A,N/A,"Ottawa, ON, K1B 3P9","House,,House",3,"$2,299,000 "
"3100 CARLING AVENUE UNIT#113, ",1,2,"$3,332 (2021)","Ottawa, ON, K1C 2J4","House,,House",13,"$349,900 "
"504 BEVAN AVENUE, ",4,3,N/A,"Ottawa, ON, K1G 4R4","House,,House",,"$5,400 "
"58 GRENWICH Circle, ",6,6,,,,,"$2,200,000 "
"285 ZEPHYR Avenue, ",4,5,N/A,"Ottawa, ON, K2B 6J6","House,,House",1,"$1,049,000 "
"1305 PARC DU VILLAGE Street, ",4,3,"$4,117 (2022)","Ottawa, ON, K1R 1E2","Condo,,Condo",8,"$784,900 "
"380 APPLEFORD Street, ",2,4,"$3,134 (2022)","Ottawa, ON, K1R 7W9","House,,House",1,"$334,900 "
"20 METROPOLE PRIVATE, ",3,3,"$2,796 (2022)","Ottawa, ON, K1J 1K5","Condo,,Condo",10,"$935,000 "
"74 GILLESPIE CRESCENT, ",3,3,"$1,886 (2022)","Ottawa, ON, K1C 4P1","House,,House",1,"$695,000 "
"507 CLARENCE STREET E, ",4,4,"$4,296 (2022)","Ottawa, ON, K1V 6T8","House,,House",2,"$869,000 "
"665 BATHGATE DRIVE UNIT#1211, ",2,2,"$2,300 (2022)","Ottawa, ON, K1J 8T9","Condo,,Condo",11,"$324,900 "
"721 Hemlock Rd, ",3,4,"$2,283 (2021)","Ottawa, ON, K1G 5R5","Condo,,Condo",8,"$1,400,000 "
"205 - 383 Cumberland St, ",1,1,"$6,238 (2022)","Ottawa, ON, K2E 7R2","House,,House",20,"$340,000 "
"203 CATHERINE STREET UNIT#710, ",1,1,"$7,003 (2021)","Ottawa, ON, K2P 2N7","House,,House",2,"$429,900 "
"1967 ALTA VISTA DRIVE, ",2,5,,,,,"$899,900 "
"114 DALY AVENUE, ",0 + 0,N/A,N/A,"Ottawa, ON, K2G 5M9","House,,House",17'5'' x 11'8'',"$1,500,000 "
"330 TITAN PRIVATE UNIT#512, ",2,2,N/A,"Ottawa, ON, K1R 1E2","House,,House",1,"$499,900 "
"570 LAURIER AVENUE UNIT#2302, ",2,2,N/A,"Ottawa, ON, K2P 0X5","House,,House",1,"$2,500 "
"121 JAMES CUMMINGS AVENUE, ",0 + 0,N/A,N/A,"Ottawa, ON, K1R 5W9","House,,House",1,"$1,650,000 "
"178 HOLMWOOD AVENUE, ",0 + 0,N/A,N/A,"Ottawa, ON, K1N 0B7","House,,House",1,"$1,675,000 "
"158A MCARTHUR Avenue 1008, ",1,1,N/A,"Ottawa, ON, K1B 3P9","House,,House",3,"$255,000 "
"73 GLENHAVEN PRIVATE, ",3,3,"$3,332 (2021)","Ottawa, ON, K1C 2J4","House,,House",13,"$2,300 "
"2731 MARIE STREET, ",2,4,N/A,"Ottawa, ON, K1G 4R4","House,,House",,"$599,900 "
"382 PAULINE CHARRON PLACE, ",4,3,,,,,"$2,995 "
"164 CLARENCE STREET, ",0 + 0,N/A,N/A,"Ottawa, ON, K2B 6J6","House,,House",1,"$1,395,000 "
"360 MARSHALL COURT, ",5,6,"$4,117 (2022)","Ottawa, ON, K1R 1E2","Condo,,Condo",8,"$9,850 "
"1308 SHILLINGTON AVENUE, ",0 + 0,N/A,"$3,134 (2022)","Ottawa, ON, K1R 7W9","House,,House",1,"$1,145,000 "
"105 WURTEMBURG STREET, ",4,3,"$2,796 (2022)","Ottawa, ON, K1J 1K5","Condo,,Condo",10,"$8,000 "
"1356 MEADOWLANDS DRIVE UNIT#901, ",1,2,"$1,886 (2022)","Ottawa, ON, K1C 4P1","House,,House",1,"$360,000 "
"1308 SHILLINGTON AVENUE, ",0 + 0,N/A,"$4,296 (2022)","Ottawa, ON, K1V 6T8","House,,House",2,"$1,145,000 "
"239 CUMBERLAND STREET, ",2,2,"$2,300 (2022)","Ottawa, ON, K1J 8T9","Condo,,Condo",11,"$469,900 "
"692 HOLT CRESCENT, ",2,3,"$2,283 (2021)","Ottawa, ON, K1G 5R5","Condo,,Condo",8,"$729,900 "
"10 CHAPLEAU AVENUE UNIT#C, ",4,3,"$6,238 (2022)","Ottawa, ON, K2E 7R2","House,,House",20,"$4,350 "
"1331 THAMES Street, ",N/A,N/A,"$7,003 (2021)","Ottawa, ON, K2P 2N7","House,,House",2,"$949,000 "
"2760 CAROUSEL CRESCENT UNIT#910, ",2,2,,,,,"$379,900 "
"2061 FEATHERSTON Drive, ",1,3,N/A,"Ottawa, ON, K2G 5M9","House,,House",17'5'' x 11'8'',"$649,900 "
"391 SUNNYSIDE Avenue, ",2,5,N/A,"Ottawa, ON, K1R 1E2","House,,House",1,"$995,000 "
"196 POWELL Avenue, ",N/A,N/A,N/A,"Ottawa, ON, K2P 0X5","House,,House",1,"$2,500,000 "
"331 OSGOODE STREET, ",5,4,N/A,"Ottawa, ON, K1R 5W9","House,,House",1,"$9,500 "
"621 TWEEDSMUIR AVENUE, ",4,3,N/A,"Ottawa, ON, K1N 0B7","House,,House",1,"$1,385,000 "
"958 HARKNESS AVENUE, ",2,3,N/A,"Ottawa, ON, K1B 3P9","House,,House",3,"$749,000 "
"900 KIRKWOOD AVENUE, ",2,3,"$3,332 (2021)","Ottawa, ON, K1C 2J4","House,,House",13,"$576,000 "
"2051 JASMINE CRESCENT UNIT#4, ",2,3,N/A,"Ottawa, ON, K1G 4R4","House,,House",,"$399,900 "
"74 PRESTON Street, ",2,3,,,,,"$679,000 "
"2340 SHANEGAL CRESCENT, ",3,5,N/A,"Ottawa, ON, K2B 6J6","House,,House",1,"$679,900 "
"1081 AMBLESIDE DRIVE UNIT#801, ",1,2,"$4,117 (2022)","Ottawa, ON, K1R 1E2","Condo,,Condo",8,"$2,100 "
"280 ST ANDREW Street, ",N/A,N/A,"$3,134 (2022)","Ottawa, ON, K1R 7W9","House,,House",1,"$599,900 "
"280 ST ANDREW Street, ",2,2,"$2,796 (2022)","Ottawa, ON, K1J 1K5","Condo,,Condo",10,"$599,900 "
"505 DAWSON AVENUE, ",1,3,"$1,886 (2022)","Ottawa, ON, K1C 4P1","House,,House",1,"$1,099,000 "
"805 CARLING AVENUE UNIT#1501, ",1,1,"$4,296 (2022)","Ottawa, ON, K1V 6T8","House,,House",2,"$469,000 "
"2000 JASMINE Crescent 1013, ",1,2,"$2,300 (2022)","Ottawa, ON, K1J 8T9","Condo,,Condo",11,"$299,900 "
"33 WOODVIEW CRESCENT, ",2,4,"$2,283 (2021)","Ottawa, ON, K1G 5R5","Condo,,Condo",8,"$674,900 "
"505 DAWSON AVENUE, ",0 + 0,N/A,"$6,238 (2022)","Ottawa, ON, K2E 7R2","House,,House",20,"$1,099,000 "
"2000 JASMINE CRESCENT UNIT#1013, ",1,2,"$7,003 (2021)","Ottawa, ON, K2P 2N7","House,,House",2,"$299,900 "
"227 MADHU CRESCENT, ",4,4,,,,,"$1,100,000 "
"346 ISLAND PARK DRIVE, ",4,4,N/A,"Ottawa, ON, K2G 5M9","House,,House",17'5'' x 11'8'',"$1,325,000 "
"2214 MELFORT STREET, ",3,4,N/A,"Ottawa, ON, K1R 1E2","House,,House",1,"$724,900 "
"59 CONCORD STREET N, ",0 + 0,N/A,N/A,"Ottawa, ON, K2P 0X5","House,,House",1,"$2,800,000 "
"224 LYON STREET UNIT#1302, ",1,1,N/A,"Ottawa, ON, K1R 5W9","House,,House",1,"$378,880 "
"800 MELWOOD AVENUE UNIT#10, ",2,2,N/A,"Ottawa, ON, K1N 0B7","House,,House",1,"$798,000 "
"919 CANTERBURY AVENUE, ",2,4,N/A,"Ottawa, ON, K1B 3P9","House,,House",3,"$649,000 "
"165 DESCHAMPS AVENUE, ",0 + 0,N/A,"$3,332 (2021)","Ottawa, ON, K1C 2J4","House,,House",13,"$1,490,000 "
"805 CARLING AVENUE UNIT#1501, ",1,1,N/A,"Ottawa, ON, K1G 4R4","House,,House",,"$469,000 "
"200 Rideau Street #1701, ",2,2,,,,,"$649,900 "
"133 BRISTON PRIVATE, ",2,2,N/A,"Ottawa, ON, K2B 6J6","House,,House",1,"$399,900 "
"134 YORK ST AVENUE UNIT#608, ",1,1,"$4,117 (2022)","Ottawa, ON, K1R 1E2","Condo,,Condo",8,"$1,900 "
"6354 SABLEWOOD Place, ",3,3,"$3,134 (2022)","Ottawa, ON, K1R 7W9","House,,House",1,"$634,000 "
"59 FARLANE BOULEVARD, ",4,5,"$2,796 (2022)","Ottawa, ON, K1J 1K5","Condo,,Condo",10,"$1,299,000 "
"3103 ARMADA AVENUE, ",2,3,"$1,886 (2022)","Ottawa, ON, K1C 4P1","House,,House",1,"$449,900 "
"240 BAYSWATER AVENUE, ",3,5,"$4,296 (2022)","Ottawa, ON, K1V 6T8","House,,House",2,"$1,399,900 "
"32 HURON AVENUE N, ",3,4,"$2,300 (2022)","Ottawa, ON, K1J 8T9","Condo,,Condo",11,"$3,900 "
"1326 ESSEX STREET, ",2,3,"$2,283 (2021)","Ottawa, ON, K1G 5R5","Condo,,Condo",8,"$925,000 "
"1539 GOTH AVENUE, ",0 + 0,N/A,"$6,238 (2022)","Ottawa, ON, K2E 7R2","House,,House",20,"$1,249,000 "
"2610 DRAPER Avenue 66, ",2,3,"$7,003 (2021)","Ottawa, ON, K2P 2N7","House,,House",2,"$399,900 "
"590 LISGAR STREET, ",0 + 0,N/A,,,,,"$1,700,000 "
"41 SUNNYCREST Drive, ",1,2,N/A,"Ottawa, ON, K2G 5M9","House,,House",17'5'' x 11'8'',"$689,990 "
"1500 RIVERSIDE DRIVE UNIT#701, ",2,2,N/A,"Ottawa, ON, K1R 1E2","House,,House",1,"$584,000 "
"99 CARTIER STREET UNIT#109, ",1,1,N/A,"Ottawa, ON, K2P 0X5","House,,House",1,"$1,495 "
"8 GWYNNE Avenue, ",3,2,N/A,"Ottawa, ON, K1R 5W9","House,,House",1,"$798,000 "
"900 DYNES ROAD UNIT#2102, ",1,2,N/A,"Ottawa, ON, K1N 0B7","House,,House",1,"$299,900 "
"700 SUSSEX DRIVE UNIT#410, ",2,2,N/A,"Ottawa, ON, K1B 3P9","House,,House",3,"$4,800 "
"370 FULLERTON AVENUE, ",2,3,"$3,332 (2021)","Ottawa, ON, K1C 2J4","House,,House",13,"$649,900 "
"700 SUSSEX DRIVE UNIT#403, ",2,2,N/A,"Ottawa, ON, K1G 4R4","House,,House",,"$3,800 "
"1440 HERON ROAD UNIT#511, ",2,2,,,,,"$1,975 "
"16 ARUNDEL AVENUE, ",4,4,N/A,"Ottawa, ON, K2B 6J6","House,,House",1,"$1,450,000 "
"9 ARCHER SQUARE, ",3,3,"$4,117 (2022)","Ottawa, ON, K1R 1E2","Condo,,Condo",8,"$795,000 "
"6186 RED WILLOW DRIVE, ",4,4,"$3,134 (2022)","Ottawa, ON, K1R 7W9","House,,House",1,"$549,900 "
"1233 WILLOWDALE Avenue, ",2,4,"$2,796 (2022)","Ottawa, ON, K1J 1K5","Condo,,Condo",10,"$839,900 "
"23 ST CLAIRE AVENUE, ",5,5,"$1,886 (2022)","Ottawa, ON, K1C 4P1","House,,House",1,"$1,745,000 "
"16 LADOUCEUR STREET, ",2,3,"$4,296 (2022)","Ottawa, ON, K1V 6T8","House,,House",2,"$725,000 "
"958 WOODROFFE AVENUE, ",1,3,"$2,300 (2022)","Ottawa, ON, K1J 8T9","Condo,,Condo",11,"$800,000 "
"958 WOODROFFE AVENUE, ",0 + 0,N/A,"$2,283 (2021)","Ottawa, ON, K1G 5R5","Condo,,Condo",8,"$800,000 "
"954 WOODROFFE AVENUE, ",1,3,"$6,238 (2022)","Ottawa, ON, K2E 7R2","House,,House",20,"$1,200,000 "
"954 WOODROFFE AVENUE, ",0 + 0,N/A,"$7,003 (2021)","Ottawa, ON, K2P 2N7","House,,House",2,"$1,200,000 "
"375 LISGAR STREET UNIT#203, ",1,2,,,,,"$699,950 "
"934 BEAUCLAIRE DRIVE, ",2,3,N/A,"Ottawa, ON, K2G 5M9","House,,House",17'5'' x 11'8'',"$689,000 "
"174 JAMES STREET, ",0 + 0,N/A,N/A,"Ottawa, ON, K1R 1E2","House,,House",1,"$1,900,000 "
"929 KINCAID COURT, ",2,4,N/A,"Ottawa, ON, K2P 0X5","House,,House",1,"$749,900 "
"22 TOWER ROAD, ",2,4,N/A,"Ottawa, ON, K1R 5W9","House,,House",1,"$899,900 "
"374 COOPER STREET UNIT#603, ",2,2,N/A,"Ottawa, ON, K1N 0B7","House,,House",1,"$829,900 "
"611 Hacket Unit# 24C, ",2,2,N/A,"Ottawa, ON, K1B 3P9","House,,House",3,"$729,900 "
"613 Hacket Unit# 24B, ",2,2,"$3,332 (2021)","Ottawa, ON, K1C 2J4","House,,House",13,"$729,900 "
"135 BARRETTE STREET UNIT#602, ",3,2,N/A,"Ottawa, ON, K1G 4R4","House,,House",,"$1,099,900 "
"85 BRONSON AVENUE UNIT#905, ",1,1,,,,,"$527,000 "
"141-143 WAVERLEY Street, ",N/A,N/A,N/A,"Ottawa, ON, K2B 6J6","House,,House",1,"$850,000 "
"650 BROADVIEW AVENUE, ",2,3,"$4,117 (2022)","Ottawa, ON, K1R 1E2","Condo,,Condo",8,"$1,150,000 "
"819 LYON STREET, ",4,5,"$3,134 (2022)","Ottawa, ON, K1R 7W9","House,,House",1,"$889,500 "
"606 MIKINAK ROAD, ",3,4,"$2,796 (2022)","Ottawa, ON, K1J 1K5","Condo,,Condo",10,"$899,900 "
"50 BURNSIDE AVENUE UNIT#505, ",1,2,"$1,886 (2022)","Ottawa, ON, K1C 4P1","House,,House",1,"$399,900 "
"70 COBOURG STREET, ",0 + 0,N/A,"$4,296 (2022)","Ottawa, ON, K1V 6T8","House,,House",2,"$799,900 "
"17 LINDEN TERRACE, ",4,4,"$2,300 (2022)","Ottawa, ON, K1J 8T9","Condo,,Condo",11,"$5,000 "
"138 BAYSWATER AVENUE, ",0 + 0,N/A,"$2,283 (2021)","Ottawa, ON, K1G 5R5","Condo,,Condo",8,"$1,149,900 "
"296 ATLANTIS AVENUE, ",4,3,"$6,238 (2022)","Ottawa, ON, K2E 7R2","House,,House",20,"$1,499,900 "
"474 BEVAN AVENUE, ",4,3,"$7,003 (2021)","Ottawa, ON, K2P 2N7","House,,House",2,"$1,499,900 "
"819 LYON STREET, ",0 + 0,N/A,,,,,"$889,500 "
"330 DOVERCOURT AVENUE, ",4,3,N/A,"Ottawa, ON, K2G 5M9","House,,House",17'5'' x 11'8'',"$6,000 "
"165 WESLEY AVENUE, ",4,4,N/A,"Ottawa, ON, K1R 1E2","House,,House",1,"$1,250,000 "
"805 CARLING AVENUE UNIT#2209, ",1,1,N/A,"Ottawa, ON, K2P 0X5","House,,House",1,"$599,900 "
"334 BELL STREET S, ",4,4,N/A,"Ottawa, ON, K1R 5W9","House,,House",1,"$888,880 "
"648 DANACA PRIVATE, ",3,2,N/A,"Ottawa, ON, K1N 0B7","House,,House",1,"$524,500 "
"1440 HERON ROAD UNIT#1110, ",2,1,N/A,"Ottawa, ON, K1B 3P9","House,,House",3,"$1,950 "
"30 CHARLEVOIX Street 503, ",2,2,"$3,332 (2021)","Ottawa, ON, K1C 2J4","House,,House",13,"$399,900 "
"62 COLUMBUS AVENUE UNIT#B, ",2,2,N/A,"Ottawa, ON, K1G 4R4","House,,House",,"$2,500 "
"12 SYLVESTER STREET UNIT#B, ",1,2,,,,,"$2,500 "
"62 COLUMBUS AVENUE UNIT#A, ",3,4,N/A,"Ottawa, ON, K2B 6J6","House,,House",1,"$4,500 "
"247 GRANVILLE STREET UNIT#A & B, ",4,5,"$4,117 (2022)","Ottawa, ON, K1R 1E2","Condo,,Condo",8,"$898,000 "
"569 MCLEOD STREET UNIT#3, ",2,2,"$3,134 (2022)","Ottawa, ON, K1R 7W9","House,,House",1,"$3,400 "
"107A PRINCE ALBERT Street, ",3,3,"$2,796 (2022)","Ottawa, ON, K1J 1K5","Condo,,Condo",10,"$995,000 "
"182 ANNAPOLIS CIRCLE, ",3,3,"$1,886 (2022)","Ottawa, ON, K1C 4P1","House,,House",1,"$2,895 "
"44 PARK Avenue, ",3,4,"$4,296 (2022)","Ottawa, ON, K1V 6T8","House,,House",2,"$1,395,000 "
"8 ROBINSON AVENUE, ",1,2,"$2,300 (2022)","Ottawa, ON, K1J 8T9","Condo,,Condo",11,"$449,900 "
"75 CLEARY Avenue 1206, ",2,2,"$2,283 (2021)","Ottawa, ON, K1G 5R5","Condo,,Condo",8,"$639,000 "
"1317 AVENUE Q Avenue, ",2,2,"$6,238 (2022)","Ottawa, ON, K2E 7R2","House,,House",20,"$650,000 "
"1459 BETHAMY Lane, ",2,3,"$7,003 (2021)","Ottawa, ON, K2P 2N7","House,,House",2,"$384,900 "
"477 EDGEWORTH AVENUE, ",2,3,,,,,"$749,000 "
"475 EDGEWORTH AVENUE, ",2,3,N/A,"Ottawa, ON, K2G 5M9","House,,House",17'5'' x 11'8'',"$725,000 "
"75 CLEARY AVENUE UNIT#1206, ",2,2,N/A,"Ottawa, ON, K1R 1E2","House,,House",1,"$639,000 "
"2951 RIVERSIDE Drive 310, ",2,3,N/A,"Ottawa, ON, K2P 0X5","House,,House",1,"$352,000 "
"1459 BETHAMY LANE, ",2,3,N/A,"Ottawa, ON, K1R 5W9","House,,House",1,"$384,900 "
"2951 RIVERSIDE DRIVE UNIT#310, ",2,3,N/A,"Ottawa, ON, K1N 0B7","House,,House",1,"$352,000 "
"479 NEWMAN AVENUE, ",2,2,N/A,"Ottawa, ON, K1B 3P9","House,,House",3,"$739,900 "
"77 FLORENCE STREET, ",0 + 0,N/A,"$3,332 (2021)","Ottawa, ON, K1C 2J4","House,,House",13,"$1,898,000 "
"191 GRANDVIEW ROAD, ",3,4,N/A,"Ottawa, ON, K1G 4R4","House,,House",,"$2,749,000 "
"20 THE DRIVEWAY DRIVE UNIT#1605, ",2,2,,,,,"$599,900 "
"32/34 BRUYERE Street, ",N/A,N/A,N/A,"Ottawa, ON, K2B 6J6","House,,House",1,"$1,199,000 "
"267 BOOTH Street, ",1,3,"$4,117 (2022)","Ottawa, ON, K1R 1E2","Condo,,Condo",8,"$640,000 "
"255 BAY Street 211, ",1,0,"$3,134 (2022)","Ottawa, ON, K1R 7W9","House,,House",1,"$285,000 "
"158B MCARTHUR Avenue 1206, ",1,2,"$2,796 (2022)","Ottawa, ON, K1J 1K5","Condo,,Condo",10,"$289,000 "
"107 COLUMBIA AVENUE, ",4,5,"$1,886 (2022)","Ottawa, ON, K1C 4P1","House,,House",1,"$975,000 "
"238 BESSERER STREET UNIT#613, ",2,2,"$4,296 (2022)","Ottawa, ON, K1V 6T8","House,,House",2,"$599,900 "
"1070 BAKERVALE STREET, ",0 + 0,N/A,"$2,300 (2022)","Ottawa, ON, K1J 8T9","Condo,,Condo",11,"$549,900 "
"22 SANDCLIFFE TERRACE, ",3,3,"$2,283 (2021)","Ottawa, ON, K1G 5R5","Condo,,Condo",8,"$599,000 "
"200 LAFONTAINE Avenue 707, ",2,2,"$6,238 (2022)","Ottawa, ON, K2E 7R2","House,,House",20,"$298,500 "
"105-109 HENDERSON AVENUE, ",0 + 0,N/A,"$7,003 (2021)","Ottawa, ON, K2P 2N7","House,,House",2,"$2,199,900 "
"200 RIDEAU STREET UNIT#803, ",2,2,,,,,"$519,900 "
"3385 RIVERSIDE DRIVE, ",2,4,N/A,"Ottawa, ON, K2G 5M9","House,,House",17'5'' x 11'8'',"$774,000 "
"3385 RIVERSIDE DRIVE, ",0 + 0,N/A,N/A,"Ottawa, ON, K1R 1E2","House,,House",1,"$774,000 "
"316 BRUYERE Street 313, ",2,2,N/A,"Ottawa, ON, K2P 0X5","House,,House",1,"$624,900 "
"41 MACLAREN STREET, ",0 + 0,N/A,N/A,"Ottawa, ON, K1R 5W9","House,,House",1,"$2,299,900 "
"2918 HIGHFIELD CRES, ",N/A,N/A,N/A,"Ottawa, ON, K1N 0B7","House,,House",1,"$625,889 "
"700 SUSSEX DRIVE UNIT#402, ",2,2,N/A,"Ottawa, ON, K1B 3P9","House,,House",3,"$3,600 "
"6501 A BILBERRY DRIVE, ",2,2,"$3,332 (2021)","Ottawa, ON, K1C 2J4","House,,House",13,"$349,900 "
"415 GREENVIEW AVENUE UNIT#1410, ",1,2,N/A,"Ottawa, ON, K1G 4R4","House,,House",,"$339,900 "
"805 CARLING AVENUE UNIT#506, ",2,2,,,,,"$749,900 "
"66 WITHROW AVENUE, ",0 + 0,N/A,N/A,"Ottawa, ON, K2B 6J6","House,,House",1,"$749,000 "
"430 MANSFIELD AVENUE N, ",0 + 0,N/A,"$4,117 (2022)","Ottawa, ON, K1R 1E2","Condo,,Condo",8,"$1,025,000 "
"3310 SOUTHGATE ROAD UNIT#234, ",1,3,"$3,134 (2022)","Ottawa, ON, K1R 7W9","House,,House",1,"$379,900 "
"509 KING EDWARD AVENUE UNIT#1, ",3,3,"$2,796 (2022)","Ottawa, ON, K1J 1K5","Condo,,Condo",10,"$629,000 "
"226 WILBROD STREET UNIT#2, ",3,3,"$1,886 (2022)","Ottawa, ON, K1C 4P1","House,,House",1,"$649,000 "
"1875 SHAREL Drive, ",2,5,"$4,296 (2022)","Ottawa, ON, K1V 6T8","House,,House",2,"$949,000 "
"265 BOTANICA Private 92, ",2,2,"$2,300 (2022)","Ottawa, ON, K1J 8T9","Condo,,Condo",11,"$575,900 "
"1570-1580 GOTH Avenue, ",N/A,N/A,"$2,283 (2021)","Ottawa, ON, K1G 5R5","Condo,,Condo",8,"$3,100,000 "
"207 CARILLON Street, ",N/A,N/A,"$6,238 (2022)","Ottawa, ON, K2E 7R2","House,,House",20,"$395,000 "
"673 TWEEDSMUIR AVENUE, ",2,4,"$7,003 (2021)","Ottawa, ON, K2P 2N7","House,,House",2,"$1,298,000 "
"227 HOLMWOOD AVENUE, ",2,3,,,,,"$899,900 "
"5 MAPLEHURST AVENUE, ",3,3,N/A,"Ottawa, ON, K2G 5M9","House,,House",17'5'' x 11'8'',"$699,900 "
"1510 RIVERSIDE DRIVE UNIT#1102, ",2,2,N/A,"Ottawa, ON, K1R 1E2","House,,House",1,"$749,900 "
"265 BOTANICA PRIVATE UNIT#92, ",2,2,N/A,"Ottawa, ON, K2P 0X5","House,,House",1,"$575,900 "
"50 POND STREET, ",3,4,N/A,"Ottawa, ON, K1R 5W9","House,,House",1,"$3,450,000 "
"105 CHAMPAGNE S Avenue 302, ",2,2,N/A,"Ottawa, ON, K1N 0B7","House,,House",1,"$489,000 "
"85 BRONSON AVENUE UNIT#1104, ",2,2,N/A,"Ottawa, ON, K1B 3P9","House,,House",3,"$2,595 "
"842B ALPINE AVENUE, ",5,5,"$3,332 (2021)","Ottawa, ON, K1C 2J4","House,,House",13,"$1,179,999 "
"260 BESSERER Street 204, ",2,2,N/A,"Ottawa, ON, K1G 4R4","House,,House",,"$630,000 "
"284 ST ANDREW Street, ",2,3,,,,,"$674,900 "
"455 BESSERER STREET UNIT#1, ",1,1,N/A,"Ottawa, ON, K2B 6J6","House,,House",1,"$1,800 "
"455 BESSERER STREET UNIT#5, ",1,1,"$4,117 (2022)","Ottawa, ON, K1R 1E2","Condo,,Condo",8,"$1,700 "
"24 & 26 CONCORD STREET N, ",4,6,"$3,134 (2022)","Ottawa, ON, K1R 7W9","House,,House",1,"$949,900 "
"99 CARTIER STREET UNIT#401, ",1,1,"$2,796 (2022)","Ottawa, ON, K1J 1K5","Condo,,Condo",10,"$1,595 "
"6734 NOTRE DAME Street, ",N/A,N/A,"$1,886 (2022)","Ottawa, ON, K1C 4P1","House,,House",1,"$329,900 "
"6732 NOTRE DAME Street, ",N/A,N/A,"$4,296 (2022)","Ottawa, ON, K1V 6T8","House,,House",2,"$329,900 "
"518 RIVERDALE AVENUE, ",2,3,"$2,300 (2022)","Ottawa, ON, K1J 8T9","Condo,,Condo",11,"$900,000 "
"559 HIGHCROFT AVENUE, ",0 + 0,N/A,"$2,283 (2021)","Ottawa, ON, K1G 5R5","Condo,,Condo",8,"$1,688,000 "
"16 POWELL AVENUE UNIT#1, ",2,3,"$6,238 (2022)","Ottawa, ON, K2E 7R2","House,,House",20,"$4,200 "
"105 CHAMPAGNE AVENUE S UNIT#302, ",2,2,"$7,003 (2021)","Ottawa, ON, K2P 2N7","House,,House",2,"$489,000 "
"260 BESSERER STREET UNIT#204, ",2,2,,,,,"$630,000 "
"96 MARLBOROUGH AVENUE, ",4,4,N/A,"Ottawa, ON, K2G 5M9","House,,House",17'5'' x 11'8'',"$1,075,000 "
"1155 MILLWOOD COURT, ",2,3,N/A,"Ottawa, ON, K1R 1E2","House,,House",1,"$499,900 "
"82 GENEST STREET, ",3,5,N/A,"Ottawa, ON, K2P 0X5","House,,House",1,"$660,888 "
"178 AVRO CIRCLE, ",3,4,N/A,"Ottawa, ON, K1R 5W9","House,,House",1,"$3,950 "
"1926 MARQUIS AVENUE, ",4,6,N/A,"Ottawa, ON, K1N 0B7","House,,House",1,"$1,295,000 "
"42 WINNEGREEN Court, ",3,3,N/A,"Ottawa, ON, K1B 3P9","House,,House",3,"$579,000 "
"5 LEONARD AVENUE, ",3,3,"$3,332 (2021)","Ottawa, ON, K1C 2J4","House,,House",13,"$1,199,900 "
"1035 BANK Street 1704, ",3,2,N/A,"Ottawa, ON, K1G 4R4","House,,House",,"$2,550,000 "
"150 GREENFIELD AVENUE UNIT#501, ",2,2,,,,,"$549,900 "
"40 DUNVEGAN STREET, ",4,6,N/A,"Ottawa, ON, K2B 6J6","House,,House",1,"$1,765,000 "
"90 GEORGE STREET UNIT#708, ",2,2,"$4,117 (2022)","Ottawa, ON, K1R 1E2","Condo,,Condo",8,"$3,690 "
"530 DE MAZENOD AVENUE UNIT#501, ",1,0,"$3,134 (2022)","Ottawa, ON, K1R 7W9","House,,House",1,"$349,900 "
"428 SUNNYSIDE AVENUE UNIT#1, ",4,5,"$2,796 (2022)","Ottawa, ON, K1J 1K5","Condo,,Condo",10,"$4,500 "
"1643 MEADOWBROOK ROAD, ",2,4,"$1,886 (2022)","Ottawa, ON, K1C 4P1","House,,House",1,"$439,900 "
"314-316 WESTHILL AVENUE, ",6,10,"$4,296 (2022)","Ottawa, ON, K1V 6T8","House,,House",2,"$2,950,000 "
"300 LETT STREET UNIT#506, ",1,1,"$2,300 (2022)","Ottawa, ON, K1J 8T9","Condo,,Condo",11,"$1,950 "
"666-668B GARDENVALE Road, ",N/A,N/A,"$2,283 (2021)","Ottawa, ON, K1G 5R5","Condo,,Condo",8,"$999,000 "
"666-668B GARDENVALE Road, ",N/A,N/A,"$6,238 (2022)","Ottawa, ON, K2E 7R2","House,,House",20,"$999,000 "
"666-668B GARDENVALE Road, ",4,12,"$7,003 (2021)","Ottawa, ON, K2P 2N7","House,,House",2,"$999,000 "
"1212 Morrison Dr, ",2,4,,,,,"$749,900 "
"182 MEANDERING BROOK DRIVE, ",4,4,N/A,"Ottawa, ON, K2G 5M9","House,,House",17'5'' x 11'8'',"$749,900 "
"69 DONALD STREET, ",0 + 0,N/A,N/A,"Ottawa, ON, K1R 1E2","House,,House",1,"$2,999,900 "
"101 QUEEN Street 804, ",2,2,N/A,"Ottawa, ON, K2P 0X5","House,,House",1,"$933,500 "
"1570-1580 GOTH AVENUE, ",0 + 0,N/A,N/A,"Ottawa, ON, K1R 5W9","House,,House",1,"$3,100,000 "
"238 BESSERER Street 709, ",1,1,N/A,"Ottawa, ON, K1N 0B7","House,,House",1,"$379,900 "
"142 HUNTERSFIELD Drive, ",4,3,N/A,"Ottawa, ON, K1B 3P9","House,,House",3,"$679,900 "
"1463 HEMLOCK ROAD, ",3,4,"$3,332 (2021)","Ottawa, ON, K1C 2J4","House,,House",13,"$3,200 "
"101 QUEEN Street 1205, ",1,1,N/A,"Ottawa, ON, K1G 4R4","House,,House",,"$734,000 "
"101 QUEEN STREET UNIT#710, ",2,2,,,,,"$739,000 "
"6381 RADISSON WAY, ",3,5,N/A,"Ottawa, ON, K2B 6J6","House,,House",1,"$3,900,000 "
"185 LOUISA STREET UNIT#2, ",1,2,"$4,117 (2022)","Ottawa, ON, K1R 1E2","Condo,,Condo",8,"$1,850 "
"1091 ALDEA AVENUE, ",3,6,"$3,134 (2022)","Ottawa, ON, K1R 7W9","House,,House",1,"$799,900 "
"161 KING EDWARD AVENUE, ",3,4,"$2,796 (2022)","Ottawa, ON, K1J 1K5","Condo,,Condo",10,"$699,900 "
"1085 CANAL WOODS TERRACE, ",1,3,"$1,886 (2022)","Ottawa, ON, K1C 4P1","House,,House",1,"$799,000 "
"2822 BASELINE ROAD, ",2,2,"$4,296 (2022)","Ottawa, ON, K1V 6T8","House,,House",2,"$445,000 "
"100 ONTARIO STREET, ",2,4,"$2,300 (2022)","Ottawa, ON, K1J 8T9","Condo,,Condo",11,"$849,900 "
"75 CLEARY AVENUE UNIT#203, ",2,2,"$2,283 (2021)","Ottawa, ON, K1G 5R5","Condo,,Condo",8,"$600,000 "
"242 RIDEAU STREET UNIT#1403, ",1,1,"$6,238 (2022)","Ottawa, ON, K2E 7R2","House,,House",20,"$439,000 "
"100 MARRISSA AVENUE, ",3,3,"$7,003 (2021)","Ottawa, ON, K2P 2N7","House,,House",2,"$799,900 "
"48-52 LAVERGNE Street, ",N/A,N/A,,,,,"$949,000 "
"68 KINGS LANDING PRIVATE, ",3,2,N/A,"Ottawa, ON, K2G 5M9","House,,House",17'5'' x 11'8'',"$849,900 "
"369 NORTH RIVER ROAD UNIT#308, ",2,2,N/A,"Ottawa, ON, K1R 1E2","House,,House",1,"$569,900 "
"155 LONGPRE STREET UNIT#A, ",3,3,N/A,"Ottawa, ON, K2P 0X5","House,,House",1,"$2,600 "
"6050 PINEGLADE CRESCENT, ",3,3,N/A,"Ottawa, ON, K1R 5W9","House,,House",1,"$599,900 "
"193 WILBROD ST, ",4,4,N/A,"Ottawa, ON, K1N 0B7","House,,House",1,"$1,499,900 "
"2484 AUTUMN HILL CRESCENT, ",2,4,N/A,"Ottawa, ON, K1B 3P9","House,,House",3,"$579,900 "
"1170 MERIVALE ROAD, ",0 + 0,N/A,"$3,332 (2021)","Ottawa, ON, K1C 2J4","House,,House",13,"$975,000 "
"107 DALECROFT CRESCENT, ",3,3,N/A,"Ottawa, ON, K1G 4R4","House,,House",,"$499,888 "
"976 ARKELL STREET, ",2,3,,,,,"$725,000 "
"6050 PINEGLADE CRESCENT, ",3,3,N/A,"Ottawa, ON, K2B 6J6","House,,House",1,"$599,900 "
"173 ARMSTRONG STREET, ",3,3,"$4,117 (2022)","Ottawa, ON, K1R 1E2","Condo,,Condo",8,"$1,050,000 "
"635 RICHMOND ROAD UNIT#5, ",2,1,"$3,134 (2022)","Ottawa, ON, K1R 7W9","House,,House",1,"$545,000 "
"551 HILSON Avenue, ",N/A,N/A,"$2,796 (2022)","Ottawa, ON, K1J 1K5","Condo,,Condo",10,"$995,000 "
"4 CHAMPLAIN AVENUE, ",0 + 0,N/A,"$1,886 (2022)","Ottawa, ON, K1C 4P1","House,,House",1,"$5,999,999 "
"2409 CARLSEN AVENUE, ",3,3,"$4,296 (2022)","Ottawa, ON, K1V 6T8","House,,House",2,"$1,495,000 "
"155 STEWART Street, ",N/A,N/A,"$2,300 (2022)","Ottawa, ON, K1J 8T9","Condo,,Condo",11,"$1,870,000 "
"20 DALY AVENUE UNIT#1502, ",2,2,"$2,283 (2021)","Ottawa, ON, K1G 5R5","Condo,,Condo",8,"$4,400 "
"316 SOMERSET STREET E, ",0 + 0,N/A,"$6,238 (2022)","Ottawa, ON, K2E 7R2","House,,House",20,"$3,199,900 "
"200 BESSERER STREET UNIT#210, ",1,1,"$7,003 (2021)","Ottawa, ON, K2P 2N7","House,,House",2,"$424,900 "
"6 TURGEON PRIVATE, ",2,1,,,,,"$599,900 "
"1111 TAFFY LANE, ",2,3,N/A,"Ottawa, ON, K2G 5M9","House,,House",17'5'' x 11'8'',"$559,900 "
"2155 MONSON CRESCENT, ",2,4,N/A,"Ottawa, ON, K1R 1E2","House,,House",1,"$859,900 "
"225 ALVIN ROAD UNIT#216, ",1,1,N/A,"Ottawa, ON, K2P 0X5","House,,House",1,"$334,900 "
"250 LISGAR STREET, ",3,6,N/A,"Ottawa, ON, K1R 5W9","House,,House",1,"$4,000 "
"1380 TRIOLE Street, ",1,2,N/A,"Ottawa, ON, K1N 0B7","House,,House",1,"$710,000 "
"1587 GOTH Avenue 112, ",2,2,N/A,"Ottawa, ON, K1B 3P9","House,,House",3,"$324,900 "
"504 DONALD STREET, ",0 + 0,N/A,"$3,332 (2021)","Ottawa, ON, K1C 2J4","House,,House",13,"$1,480,000 "
"202 RUSSELL Avenue, ",3,4,N/A,"Ottawa, ON, K1G 4R4","House,,House",,"$865,000 "
"55 GLENDALE AVENUE, ",0 + 0,N/A,,,,,"$1,950,000 "
"551 HILSON Avenue, ",1,3,N/A,"Ottawa, ON, K2B 6J6","House,,House",1,"$995,000 "
"2045 FEATHERSTON Drive, ",2,6,"$4,117 (2022)","Ottawa, ON, K1R 1E2","Condo,,Condo",8,"$749,900 "
"183 PRESLAND ROAD, ",0 + 0,N/A,"$3,134 (2022)","Ottawa, ON, K1R 7W9","House,,House",1,"$2,999,000 "
"457 LAURIER AVENUE E, ",3,5,"$2,796 (2022)","Ottawa, ON, K1J 1K5","Condo,,Condo",10,"$1,949,000 "
"140 SPRINGHURST AVENUE UNIT#8, ",3,2,"$1,886 (2022)","Ottawa, ON, K1C 4P1","House,,House",1,"$649,990 "
"12 BEDALE Drive, ",3,3,"$4,296 (2022)","Ottawa, ON, K1V 6T8","House,,House",2,"$785,000 "
"555 ANAND PRIVATE UNIT#102, ",2,1,"$2,300 (2022)","Ottawa, ON, K1J 8T9","Condo,,Condo",11,"$398,900 "
"38 FARROW STREET, ",0 + 0,N/A,"$2,283 (2021)","Ottawa, ON, K1G 5R5","Condo,,Condo",8,"$990,000 "
"1025 GRENON AVENUE UNIT#1013, ",1,1,"$6,238 (2022)","Ottawa, ON, K2E 7R2","House,,House",20,"$350,000 "
"1856 PLAYFAIR DRIVE, ",2,4,"$7,003 (2021)","Ottawa, ON, K2P 2N7","House,,House",2,"$3,500 "
"84-86 STEWART STREET, ",3,7,,,,,"$799,000 "
"242 RIDEAU STREET UNIT#601, ",2,2,N/A,"Ottawa, ON, K2G 5M9","House,,House",17'5'' x 11'8'',"$689,900 "
"1096 BURGUNDY Lane, ",2,3,N/A,"Ottawa, ON, K1R 1E2","House,,House",1,"$625,000 "
"421 VIEWMOUNT Drive, ",4,4,N/A,"Ottawa, ON, K2P 0X5","House,,House",1,"$925,000 "
"2087 MONTREAL ROAD, ",0 + 0,N/A,N/A,"Ottawa, ON, K1R 5W9","House,,House",1,"$1,195,000 "
"513 LYON STREET N, ",2,4,N/A,"Ottawa, ON, K1N 0B7","House,,House",1,"$750,000 "
"271 ST JACQUES STREET, ",0 + 0,N/A,N/A,"Ottawa, ON, K1B 3P9","House,,House",3,"$750,000 "
"116 MONTEREY DRIVE, ",2,3,"$3,332 (2021)","Ottawa, ON, K1C 2J4","House,,House",13,"$489,000 "
"158A MCARTHUR Avenue PH6, ",1,2,N/A,"Ottawa, ON, K1G 4R4","House,,House",,"$448,888 "
"108 CENTREPOINTE DRIVE UNIT#L, ",2,1,,,,,"$469,900 "
"1977 ROSEBELLA AVENUE, ",2,4,N/A,"Ottawa, ON, K2B 6J6","House,,House",1,"$699,000 "
"203 CATHERINE Street 504, ",1,0,"$4,117 (2022)","Ottawa, ON, K1R 1E2","Condo,,Condo",8,"$299,000 "
"116 BOTELER DRIVE, ",2,3,"$3,134 (2022)","Ottawa, ON, K1R 7W9","House,,House",1,"$639,900 "
"203 CATHERINE STREET UNIT#615, ",1,1,"$2,796 (2022)","Ottawa, ON, K1J 1K5","Condo,,Condo",10,"$479,900 "
"48 COLLEGE CIRCLE, ",2,3,"$1,886 (2022)","Ottawa, ON, K1C 4P1","House,,House",1,"$645,000 "
"150 GREENFIELD AVENUE UNIT#401, ",2,2,"$4,296 (2022)","Ottawa, ON, K1V 6T8","House,,House",2,"$2,650 "
"354 GLADSTONE STREET UNIT#312, ",1,1,"$2,300 (2022)","Ottawa, ON, K1J 8T9","Condo,,Condo",11,"$1,900 "
"179 GEORGE STREET UNIT#1409, ",1,1,"$2,283 (2021)","Ottawa, ON, K1G 5R5","Condo,,Condo",8,"$350,000 "
"2589 Egan Rd, ",2,3,"$6,238 (2022)","Ottawa, ON, K2E 7R2","House,,House",20,"$709,900 "
"454 Besserer St, ",0 + 0,N/A,"$7,003 (2021)","Ottawa, ON, K2P 2N7","House,,House",2,"$1,100,000 "
"442 NELSON STREET, ",0 + 0,N/A,,,,,"$2,750,000 "
"76 BARRETTE Street, ",N/A,N/A,N/A,"Ottawa, ON, K2G 5M9","House,,House",17'5'' x 11'8'',"$799,900 "
"76 SAI CRESCENT, ",4,4,N/A,"Ottawa, ON, K1R 1E2","House,,House",1,"$4,800 "
"120 GRANT CARMAN DRIVE UNIT#202, ",2,2,N/A,"Ottawa, ON, K2P 0X5","House,,House",1,"$499,900 "
"10 MCARTHUR AVENUE, ",0 + 0,N/A,N/A,"Ottawa, ON, K1R 5W9","House,,House",1,"$1,500,000 "
"1696 MONTREAL ROAD, ",0 + 0,N/A,N/A,"Ottawa, ON, K1N 0B7","House,,House",1,"$1,799,000 "
"318 LORRY GREENBERG DRIVE UNIT#204, ",2,2,N/A,"Ottawa, ON, K1B 3P9","House,,House",3,"$399,900 "
"300 LISGAR STREET UNIT#605, ",1,1,"$3,332 (2021)","Ottawa, ON, K1C 2J4","House,,House",13,"$399,000 "
"180 Dunbarton Court, ",4,3,N/A,"Ottawa, ON, K1G 4R4","House,,House",,"$1,179,500 "
"23 HIME CRESCENT, ",4,4,,,,,"$1,050,000 "
"2377 MAGNUS AVENUE UNIT#A, ",1,3,N/A,"Ottawa, ON, K2B 6J6","House,,House",1,"$2,199 "
"99 DOANE STREET, ",2,4,"$4,117 (2022)","Ottawa, ON, K1R 1E2","Condo,,Condo",8,"$549,900 "
"1393 CLAYMOR AVE, ",3,6,"$3,134 (2022)","Ottawa, ON, K1R 7W9","House,,House",1,"$3,000 "
"170 WHISPERING WINDS WAY, ",3,3,"$2,796 (2022)","Ottawa, ON, K1J 1K5","Condo,,Condo",10,"$874,900 "
"103 DOANE STREET, ",0 + 0,N/A,"$1,886 (2022)","Ottawa, ON, K1C 4P1","House,,House",1,"$769,900 "
"434 HAMILTON AVENUE S UNIT#1, ",2,3,"$4,296 (2022)","Ottawa, ON, K1V 6T8","House,,House",2,"$3,000 "
"139 ST ANDREW Street, ",N/A,N/A,"$2,300 (2022)","Ottawa, ON, K1J 8T9","Condo,,Condo",11,"$769,900 "
"139 ST ANDREW Street, ",2,4,"$2,283 (2021)","Ottawa, ON, K1G 5R5","Condo,,Condo",8,"$769,900 "
"71-73 FLORENCE STREET, ",0 + 0,N/A,"$6,238 (2022)","Ottawa, ON, K2E 7R2","House,,House",20,"$1,300,000 "
"31 SILVER ASPEN CRESCENT, ",4,4,"$7,003 (2021)","Ottawa, ON, K2P 2N7","House,,House",2,"$735,000 "
"371 PASEO PRIVATE UNIT#6, ",2,2,,,,,"$499,900 "
"61 ROBERT STREET, ",4,5,N/A,"Ottawa, ON, K2G 5M9","House,,House",17'5'' x 11'8'',"$1,985,000 "
"192 IVY Crescent, ",N/A,N/A,N/A,"Ottawa, ON, K1R 1E2","House,,House",1,"$950,000 "
"29 BLUE FOREST CRES, ",3,3,N/A,"Ottawa, ON, K2P 0X5","House,,House",1,"$889,000 "
"1843 THISTLELEAF CRESCENT, ",3,4,N/A,"Ottawa, ON, K1R 5W9","House,,House",1,"$2,900 "
"146 LAVAL Street, ",2,2,N/A,"Ottawa, ON, K1N 0B7","House,,House",1,"$695,000 "
"530 DE MAZENOD AVENUE UNIT#905, ",3,3,N/A,"Ottawa, ON, K1B 3P9","House,,House",3,"$1,795,000 "
"2924 FAIRLEA Crescent, ",2,4,"$3,332 (2021)","Ottawa, ON, K1C 2J4","House,,House",13,"$350,000 "
"2718 DRAPER AVENUE, ",2,2,N/A,"Ottawa, ON, K1G 4R4","House,,House",,"$639,900 "
"1843 WALKLEY ROAD, ",2,3,,,,,"$695,000 "
"2877 BRIGHAM WAY, ",4,4,N/A,"Ottawa, ON, K2B 6J6","House,,House",1,"$999,000 "
"529 KIRKWOOD AVENUE, ",1,3,"$4,117 (2022)","Ottawa, ON, K1R 1E2","Condo,,Condo",8,"$599,900 "
"375 # B MADISON AVENUE, ",4,3,"$3,134 (2022)","Ottawa, ON, K1R 7W9","House,,House",1,"$1,495,000 "
"300 LISGAR STREET UNIT#1206, ",1,1,"$2,796 (2022)","Ottawa, ON, K1J 1K5","Condo,,Condo",10,"$349,900 "
"232-234 HANNAH STREET, ",0 + 0,N/A,"$1,886 (2022)","Ottawa, ON, K1C 4P1","House,,House",1,"$885,000 "
"2706 PRISCILLA Street, ",2,3,"$4,296 (2022)","Ottawa, ON, K1V 6T8","House,,House",2,"$659,900 "
"206 ANNAPOLIS Circle, ",4,6,"$2,300 (2022)","Ottawa, ON, K1J 8T9","Condo,,Condo",11,"$995,000 "
"1940 Michigan Ave, ",2,5,"$2,283 (2021)","Ottawa, ON, K1G 5R5","Condo,,Condo",8,"$874,900 "
"270 LORRY GREENBERG DRIVE UNIT#101, ",1,2,"$6,238 (2022)","Ottawa, ON, K2E 7R2","House,,House",20,"$348,900 "
"1025 GRENON AVENUE UNIT#802, ",2,2,"$7,003 (2021)","Ottawa, ON, K2P 2N7","House,,House",2,"$369,000 "
"200 BESSERER STREET UNIT#1006, ",1,1,,,,,"$399,000 "
"805 CARLING Avenue 1204, ",2,2,N/A,"Ottawa, ON, K2G 5M9","House,,House",17'5'' x 11'8'',"$995,000 "
"1326 TARA DRIVE, ",2,4,N/A,"Ottawa, ON, K1R 1E2","House,,House",1,"$699,000 "
"33A DOUGLAS AVENUE, ",4,3,N/A,"Ottawa, ON, K2P 0X5","House,,House",1,"$1,789,000 "
"157 MACKAY STREET, ",3,5,N/A,"Ottawa, ON, K1R 5W9","House,,House",1,"$1,390,000 "
"2041 ARROWSMITH DRIVE UNIT#402A, ",1,2,N/A,"Ottawa, ON, K1N 0B7","House,,House",1,"$267,900 "
"20 WHITEMARL DRIVE, ",4,5,N/A,"Ottawa, ON, K1B 3P9","House,,House",3,"$1,600,000 "
"84 STONEBRIAR DRIVE, ",3,3,"$3,332 (2021)","Ottawa, ON, K1C 2J4","House,,House",13,"$650,000 "
"38 COLUMBUS AVENUE, ",3,3,N/A,"Ottawa, ON, K1G 4R4","House,,House",,"$1,170,000 "
"196 ARTHUR STREET, ",3,4,,,,,"$899,000 "
"2570 SOUTHVALE CRESCENT UNIT#152, ",2,3,N/A,"Ottawa, ON, K2B 6J6","House,,House",1,"$350,000 "
"199 SLATER STREET UNIT#2110, ",1,1,"$4,117 (2022)","Ottawa, ON, K1R 1E2","Condo,,Condo",8,"$429,900 "
"441 MCLEOD Street, ",N/A,N/A,"$3,134 (2022)","Ottawa, ON, K1R 7W9","House,,House",1,"$1,599,000 "
"20 MOUNTAIN CRESCENT, ",0 + 0,N/A,"$2,796 (2022)","Ottawa, ON, K1J 1K5","Condo,,Condo",10,"$7,950,000 "
"376 LISGAR STREET, ",2,2,"$1,886 (2022)","Ottawa, ON, K1C 4P1","House,,House",1,"$799,000 "
"101 RICHMOND ROAD UNIT#406, ",2,2,"$4,296 (2022)","Ottawa, ON, K1V 6T8","House,,House",2,"$624,900 "
"2785 BASELINE ROAD UNIT#302, ",2,3,"$2,300 (2022)","Ottawa, ON, K1J 8T9","Condo,,Condo",11,"$495,000 "
"11 OBLATS AVENUE UNIT#507, ",2,2,"$2,283 (2021)","Ottawa, ON, K1G 5R5","Condo,,Condo",8,"$939,000 "
"95 BEECH STREET UNIT#208, ",1,2,"$6,238 (2022)","Ottawa, ON, K2E 7R2","House,,House",20,"$679,900 "
"577 TILLBURY AVENUE W, ",2,3,"$7,003 (2021)","Ottawa, ON, K2P 2N7","House,,House",2,"$765,000 "
"95 BEECH STREET UNIT#208, ",1,2,,,,,"$679,900 "
"1620 Locksley Lane, ",2,2,N/A,"Ottawa, ON, K2G 5M9","House,,House",17'5'' x 11'8'',"$419,900 "
"60 VALLEY RIDGE STREET, ",3,4,N/A,"Ottawa, ON, K1R 1E2","House,,House",1,"$698,000 "
"275 BRONSON AVENUE, ",0 + 0,N/A,N/A,"Ottawa, ON, K2P 0X5","House,,House",1,"$799,000 "
"2238 REMBRANDT ROAD, ",2,4,N/A,"Ottawa, ON, K1R 5W9","House,,House",1,"$755,000 "
"211 CARRUTHERS AVENUE, ",2,2,N/A,"Ottawa, ON, K1N 0B7","House,,House",1,"$1,799,999 "
"211 CARRUTHERS AVENUE, ",0 + 0,N/A,N/A,"Ottawa, ON, K1B 3P9","House,,House",3,"$1,799,999 "
"215 CARRUTHERS AVENUE, ",0 + 0,N/A,"$3,332 (2021)","Ottawa, ON, K1C 2J4","House,,House",13,"$1,799,999 "
"2703 BASSWOOD CRESCENT, ",2,3,N/A,"Ottawa, ON, K1G 4R4","House,,House",,"$874,900 "
"48 SECOND AVENUE, ",2,4,,,,,"$1,250,000 "
"245 KENT Street 1108, ",1,1,N/A,"Ottawa, ON, K2B 6J6","House,,House",1,"$425,000 "
"9 GRAHAM Avenue, ",4,5,"$4,117 (2022)","Ottawa, ON, K1R 1E2","Condo,,Condo",8,"$1,350,000 "
"110 CENTREPOINTE DRIVE UNIT#I, ",3,2,"$3,134 (2022)","Ottawa, ON, K1R 7W9","House,,House",1,"$485,000 "
"160 GEORGE Street 1605, ",2,2,"$2,796 (2022)","Ottawa, ON, K1J 1K5","Condo,,Condo",10,"$639,900 "
"1465 EDGECLIFFE AVENUE, ",3,5,"$1,886 (2022)","Ottawa, ON, K1C 4P1","House,,House",1,"$949,000 "
"206 MANCHESTER AVENUE UNIT#A, ",3,3,"$4,296 (2022)","Ottawa, ON, K1V 6T8","House,,House",2,"$3,900 "
"245 KENT STREET UNIT#1108, ",1,1,"$2,300 (2022)","Ottawa, ON, K1J 8T9","Condo,,Condo",11,"$425,000 "
"283 CAMBRIDGE N Street, ",2,3,"$2,283 (2021)","Ottawa, ON, K1G 5R5","Condo,,Condo",8,"$699,900 "
"1380 PRINCE OF WALES DRIVE UNIT#207, ",1,2,"$6,238 (2022)","Ottawa, ON, K2E 7R2","House,,House",20,"$320,000 "
"160 GEORGE STREET UNIT#1605, ",2,2,"$7,003 (2021)","Ottawa, ON, K2P 2N7","House,,House",2,"$639,900 "
"121 CONCORD STREET S, ",2,3,,,,,"$2,500 "
"199 SLATER STREET UNIT#1005, ",1,0,N/A,"Ottawa, ON, K2G 5M9","House,,House",17'5'' x 11'8'',"$1,650 "
"85 BRONSON AVENUE UNIT#1203, ",2,2,N/A,"Ottawa, ON, K1R 1E2","House,,House",1,"$675,000 "
"48 ELLA STREET, ",3,3,N/A,"Ottawa, ON, K2P 0X5","House,,House",1,"$3,995 "
"108 - 255 Bay St, ",1,0,N/A,"Ottawa, ON, K1R 5W9","House,,House",1,"$324,900 "
"1380 PRINCE OF WALES DRIVE UNIT#207, ",1,2,N/A,"Ottawa, ON, K1N 0B7","House,,House",1,"$320,000 "
"111 CHAMPAGNE AVENUE UNIT#405, ",1,1,N/A,"Ottawa, ON, K1B 3P9","House,,House",3,"$415,000 "
"179 METCALFE STREET UNIT#2109, ",2,2,"$3,332 (2021)","Ottawa, ON, K1C 2J4","House,,House",13,"$889,000 "
"255 BAY STREET UNIT#1109, ",1,1,N/A,"Ottawa, ON, K1G 4R4","House,,House",,"$439,000 "
"536 COURTENAY AVENUE, ",5,7,,,,,"$3,275,000 "
"279 SOMERSET STREET E, ",0 + 0,N/A,N/A,"Ottawa, ON, K2B 6J6","House,,House",1,"$1,779,000 "
"1456 HEATHERINGTON ROAD UNIT#H, ",1,2,"$4,117 (2022)","Ottawa, ON, K1R 1E2","Condo,,Condo",8,"$395,000 "
"2636 REGINA STREET, ",0 + 0,N/A,"$3,134 (2022)","Ottawa, ON, K1R 7W9","House,,House",1,"$1,075,000 "
"2636 REGINA STREET, ",3,8,"$2,796 (2022)","Ottawa, ON, K1J 1K5","Condo,,Condo",10,"$1,075,000 "
"589 Island Park Cres, ",4,4,"$1,886 (2022)","Ottawa, ON, K1C 4P1","House,,House",1,"$2,150,000 "
"28 - 42 Compata Way, ",2,3,"$4,296 (2022)","Ottawa, ON, K1V 6T8","House,,House",2,"$439,900 "
"5 Great Oak Private, ",3,4,"$2,300 (2022)","Ottawa, ON, K1J 8T9","Condo,,Condo",11,"$779,000 "
"21 COMMANCHE DRIVE, ",5,5,"$2,283 (2021)","Ottawa, ON, K1G 5R5","Condo,,Condo",8,"$1,799,900 "
"38 MARLBOROUGH Avenue, ",5,8,"$6,238 (2022)","Ottawa, ON, K2E 7R2","House,,House",20,"$1,750,000 "
"1025 RICHMOND ROAD UNIT#1503, ",2,2,"$7,003 (2021)","Ottawa, ON, K2P 2N7","House,,House",2,"$2,295 "
"38 MARLBOROUGH Avenue, ",N/A,N/A,,,,,"$1,750,000 "
"231 STEWART Street, ",3,4,N/A,"Ottawa, ON, K2G 5M9","House,,House",17'5'' x 11'8'',"$1,199,900 "
"730 BUXTON CRESCENT, ",2,4,N/A,"Ottawa, ON, K1R 1E2","House,,House",1,"$2,600 "
"231 STEWART Street, ",N/A,N/A,N/A,"Ottawa, ON, K2P 0X5","House,,House",1,"$1,199,900 "
"360 STEWART STREET, ",3,4,N/A,"Ottawa, ON, K1R 5W9","House,,House",1,"$1,299,900 "
"168 MAIN STREET, ",1,3,N/A,"Ottawa, ON, K1N 0B7","House,,House",1,"$2,795 "
"3415 UPLANDS Drive 96, ",2,3,N/A,"Ottawa, ON, K1B 3P9","House,,House",3,"$343,988 "
"#313 -235 KENT ST, ",1,1,"$3,332 (2021)","Ottawa, ON, K1C 2J4","House,,House",13,"$1,750 "
"2270 COTTERS CRESCENT UNIT#250, ",2,3,N/A,"Ottawa, ON, K1G 4R4","House,,House",,"$385,000 "
"1500 RIVERSIDE Drive 1704, ",2,2,,,,,"$575,000 "
"1219 WHITMORE AVENUE, ",2,2,N/A,"Ottawa, ON, K2B 6J6","House,,House",1,"$739,900 "
"2361 RYDER Street, ",3,5,"$4,117 (2022)","Ottawa, ON, K1R 1E2","Condo,,Condo",8,"$799,000 "
"707 DE L'EGLISE STREET, ",0 + 0,N/A,"$3,134 (2022)","Ottawa, ON, K1R 7W9","House,,House",1,"$650,000 "
"341 CAMBRIDGE STREET N, ",0 + 0,N/A,"$2,796 (2022)","Ottawa, ON, K1J 1K5","Condo,,Condo",10,"$1,345,000 "
"35 MURRAY Street 213, ",2,2,"$1,886 (2022)","Ottawa, ON, K1C 4P1","House,,House",1,"$549,000 "
"35 MURRAY STREET UNIT#213, ",2,2,"$4,296 (2022)","Ottawa, ON, K1V 6T8","House,,House",2,"$549,000 "
"381 MONTFORT Street, ",1,3,"$2,300 (2022)","Ottawa, ON, K1J 8T9","Condo,,Condo",11,"$699,900 "
"70 LANDRY Street 1906, ",1,1,"$2,283 (2021)","Ottawa, ON, K1G 5R5","Condo,,Condo",8,"$479,900 "
"348 OLMSTEAD STREET, ",0 + 0,N/A,"$6,238 (2022)","Ottawa, ON, K2E 7R2","House,,House",20,"$669,000 "
"240 CLARENCE STREET, ",0 + 0,N/A,"$7,003 (2021)","Ottawa, ON, K2P 2N7","House,,House",2,"$2,130,000 "
"213 YORK STREET, ",0 + 0,N/A,,,,,"$4,970,000 "
"101 QUEEN Street 702, ",1,1,N/A,"Ottawa, ON, K2G 5M9","House,,House",17'5'' x 11'8'',"$465,000 "
"320 MIWATE PRIVATE UNIT#414, ",1,1,N/A,"Ottawa, ON, K1R 1E2","House,,House",1,"$449,900 "
"75 ANDERSON STREET, ",1,3,N/A,"Ottawa, ON, K2P 0X5","House,,House",1,"$679,900 "
"20 DALY STREET UNIT#2010, ",2,1,N/A,"Ottawa, ON, K1R 5W9","House,,House",1,"$649,900 "
"429 ANCASTER AVENUE, ",0 + 0,N/A,N/A,"Ottawa, ON, K1N 0B7","House,,House",1,"$1,499,900 "
"101 QUEEN STREET UNIT#1605, ",1,1,N/A,"Ottawa, ON, K1B 3P9","House,,House",3,"$624,900 "
"101 QUEEN STREET UNIT#1206, ",1,1,"$3,332 (2021)","Ottawa, ON, K1C 2J4","House,,House",13,"$718,000 "
"2625 REGINA STREET UNIT#704, ",2,2,N/A,"Ottawa, ON, K1G 4R4","House,,House",,"$369,900 "
"2000 JASMINE CRESCENT UNIT#813, ",1,2,,,,,"$269,900 "
"2 RUPERT Street, ",3,2,N/A,"Ottawa, ON, K2B 6J6","House,,House",1,"$995,000 "
"72 BARRETTE STREET UNIT#1, ",1,3,"$4,117 (2022)","Ottawa, ON, K1R 1E2","Condo,,Condo",8,"$2,000 "
"227 BLACKBURN AVENUE, ",0 + 0,N/A,"$3,134 (2022)","Ottawa, ON, K1R 7W9","House,,House",1,"$3,200,000 "
"12 JOLLIET AVENUE, ",0 + 0,N/A,"$2,796 (2022)","Ottawa, ON, K1J 1K5","Condo,,Condo",10,"$3,859,000 "
"114 SWEETLAND AVENUE, ",2,2,"$1,886 (2022)","Ottawa, ON, K1C 4P1","House,,House",1,"$2,800 "
"102 YORKBERRY GATE, ",3,4,"$4,296 (2022)","Ottawa, ON, K1V 6T8","House,,House",2,"$899,900 "
"37 TOWER Road, ",N/A,N/A,"$2,300 (2022)","Ottawa, ON, K1J 8T9","Condo,,Condo",11,"$539,900 "
"249 RUSSELL AVENUE, ",0 + 0,N/A,"$2,283 (2021)","Ottawa, ON, K1G 5R5","Condo,,Condo",8,"$1,399,000 "
"255 BAY Street 307, ",1,0,"$6,238 (2022)","Ottawa, ON, K2E 7R2","House,,House",20,"$299,900 "
"1440 HERON ROAD UNIT#409, ",2,2,"$7,003 (2021)","Ottawa, ON, K2P 2N7","House,,House",2,"$1,750 "
"70 RITCHIE STREET, ",3,4,,,,,"$889,900 "
"467 BESSERER STREET, ",0 + 0,N/A,N/A,"Ottawa, ON, K2G 5M9","House,,House",17'5'' x 11'8'',"$1,100,000 "
"160 GEORGE STREET UNIT#1806, ",2,2,N/A,"Ottawa, ON, K1R 1E2","House,,House",1,"$599,900 "
"1480 RIVERSIDE DRIVE UNIT#2306, ",2,3,N/A,"Ottawa, ON, K2P 0X5","House,,House",1,"$979,900 "
"2389 OGILVIE ROAD, ",3,5,N/A,"Ottawa, ON, K1R 5W9","House,,House",1,"$4,350 "
"54 CHRISTIE STREET, ",4,4,N/A,"Ottawa, ON, K1N 0B7","House,,House",1,"$1,280,000 "
"169 FLORENCE STREET, ",3,5,N/A,"Ottawa, ON, K1B 3P9","House,,House",3,"$698,000 "
"2915 MILLSTREAM WAY, ",3,3,"$3,332 (2021)","Ottawa, ON, K1C 2J4","House,,House",13,"$649,900 "
"296 MAIN STREET, ",3,3,N/A,"Ottawa, ON, K1G 4R4","House,,House",,"$3,100 "
"94 HILLIARD Avenue, ",3,6,,,,,"$1,080,000 "
"10 GARAND PLACE, ",3,4,N/A,"Ottawa, ON, K2B 6J6","House,,House",1,"$1,299,000 "
"128 QUEEN MARY STREET, ",2,2,"$4,117 (2022)","Ottawa, ON, K1R 1E2","Condo,,Condo",8,"$599,500 "
"285 KIRCHOFFER AVENUE, ",5,4,"$3,134 (2022)","Ottawa, ON, K1R 7W9","House,,House",1,"$5,000 "
"1383 Ridgedale St, ",0 + 0,N/A,"$2,796 (2022)","Ottawa, ON, K1J 1K5","Condo,,Condo",10,"$1,499,000 "
"360 BOOTH STREET, ",0 + 0,N/A,"$1,886 (2022)","Ottawa, ON, K1C 4P1","House,,House",1,"$1,499,000 "
"2068 CHALMERS ROAD, ",2,3,"$4,296 (2022)","Ottawa, ON, K1V 6T8","House,,House",2,"$3,200 "
"121 THE ROCKERY PRIVATE, ",2,5,"$2,300 (2022)","Ottawa, ON, K1J 8T9","Condo,,Condo",11,"$548,800 "
"40 BOTELER STREET UNIT#1204, ",4,3,"$2,283 (2021)","Ottawa, ON, K1G 5R5","Condo,,Condo",8,"$2,000,000 "
"181 BOREALIS CRESCENT, ",3,5,"$6,238 (2022)","Ottawa, ON, K2E 7R2","House,,House",20,"$1,099,999 "
"40 NEPEAN STREET UNIT#2105, ",1,1,"$7,003 (2021)","Ottawa, ON, K2P 2N7","House,,House",2,"$560,000 "
"525 ST LAURENT BOULEVARD UNIT#28, ",2,3,,,,,"$449,900 "
"109 MONTAUK PRIVATE, ",4,3,N/A,"Ottawa, ON, K2G 5M9","House,,House",17'5'' x 11'8'',"$799,990 "
"11 SUMAC STREET, ",2,3,N/A,"Ottawa, ON, K1R 1E2","House,,House",1,"$749,000 "
"348 QUEEN MARY Street, ",2,3,N/A,"Ottawa, ON, K2P 0X5","House,,House",1,"$575,000 "
"374 POULIN AVENUE, ",2,3,N/A,"Ottawa, ON, K1R 5W9","House,,House",1,"$738,000 "
"348 QUEEN MARY Street, ",N/A,N/A,N/A,"Ottawa, ON, K1N 0B7","House,,House",1,"$575,000 "
"350 QUEEN MARY Street, ",N/A,N/A,N/A,"Ottawa, ON, K1B 3P9","House,,House",3,"$525,000 "
"344 QUEEN MARY Street, ",N/A,N/A,"$3,332 (2021)","Ottawa, ON, K1C 2J4","House,,House",13,"$525,000 "
"342 QUEEN MARY Street, ",N/A,N/A,N/A,"Ottawa, ON, K1G 4R4","House,,House",,"$525,000 "
"485 RICHMOND ROAD UNIT#706, ",1,1,,,,,"$451,000 "
"179 METCALFE STREET UNIT#1510, ",1,1,N/A,"Ottawa, ON, K2B 6J6","House,,House",1,"$464,900 "
"362 MARGUERITE AVENUE, ",0 + 0,N/A,"$4,117 (2022)","Ottawa, ON, K1R 1E2","Condo,,Condo",8,"$779,000 "
"1587 AINSLEY DR, ",1,3,"$3,134 (2022)","Ottawa, ON, K1R 7W9","House,,House",1,"$2,050 "
"42 MCARTHUR AVENUE, ",0 + 0,N/A,"$2,796 (2022)","Ottawa, ON, K1J 1K5","Condo,,Condo",10,"$779,000 "
"327 Cambridge St N, ",0 + 0,N/A,"$1,886 (2022)","Ottawa, ON, K1C 4P1","House,,House",1,"$7,500,000 "
"161 HINCHEY AVENUE, ",0 + 0,N/A,"$4,296 (2022)","Ottawa, ON, K1V 6T8","House,,House",2,"$1,239,000 "
"601 KIRKWOOD AVENUE, ",0 + 0,N/A,"$2,300 (2022)","Ottawa, ON, K1J 8T9","Condo,,Condo",11,"$1,150,000 "
"279 ST ANDREW STREET, ",0 + 0,N/A,"$2,283 (2021)","Ottawa, ON, K1G 5R5","Condo,,Condo",8,"$2,225,000 "
"283 ST ANDREW STREET, ",0 + 0,N/A,"$6,238 (2022)","Ottawa, ON, K2E 7R2","House,,House",20,"$800,000 "
"69 BLACKBURN Avenue, ",N/A,N/A,"$7,003 (2021)","Ottawa, ON, K2P 2N7","House,,House",2,"$1,395,000 "
"244 FOUNTAIN PLACE, ",0 + 0,N/A,,,,,"$1,990,000 "
"428 SPARKS STREET UNIT#2001, ",2,2,N/A,"Ottawa, ON, K2G 5M9","House,,House",17'5'' x 11'8'',"$798,000 "
"520 CLARENCE E Street, ",N/A,N/A,N/A,"Ottawa, ON, K1R 1E2","House,,House",1,"$746,000 "
"2151 RICE AVENUE, ",5,4,N/A,"Ottawa, ON, K2P 0X5","House,,House",1,"$2,299,000 "
"520 CLARENCE E Street, ",2,5,N/A,"Ottawa, ON, K1R 5W9","House,,House",1,"$746,000 "
"160 GEORGE STREET UNIT#702, ",2,2,N/A,"Ottawa, ON, K1N 0B7","House,,House",1,"$2,700 "
"305 MOUNTBATTEN Drive, ",N/A,N/A,N/A,"Ottawa, ON, K1B 3P9","House,,House",3,"$899,900 "
"174 STANLEY AVENUE UNIT#201, ",2,1,"$3,332 (2021)","Ottawa, ON, K1C 2J4","House,,House",13,"$650,000 "
"152 COLUMBUS Avenue, ",1,2,N/A,"Ottawa, ON, K1G 4R4","House,,House",,"$699,900 "
"68 SCRIVENS ST, ",1,1,,,,,"$530,000 "
"10 HAMILTON AVENUE N, ",2,0,N/A,"Ottawa, ON, K2B 6J6","House,,House",1,"$949,900 "
"1079 SOMERSET STREET W, ",0 + 0,N/A,"$4,117 (2022)","Ottawa, ON, K1R 1E2","Condo,,Condo",8,"$895,000 "
"1079 SOMERSET STREET W, ",0 + 0,N/A,"$3,134 (2022)","Ottawa, ON, K1R 7W9","House,,House",1,"$895,000 "
"1079 SOMERSET STREET W, ",0 + 0,N/A,"$2,796 (2022)","Ottawa, ON, K1J 1K5","Condo,,Condo",10,"$895,000 "
"100 GRANT CARMAN Drive 216, ",2,2,"$1,886 (2022)","Ottawa, ON, K1C 4P1","House,,House",1,"$479,000 "
"101 QUEEN STREET UNIT#903, ",1,1,"$4,296 (2022)","Ottawa, ON, K1V 6T8","House,,House",2,"$505,000 "
"100 GRANT CARMAN DRIVE UNIT#216, ",2,2,"$2,300 (2022)","Ottawa, ON, K1J 8T9","Condo,,Condo",11,"$479,000 "
"G - 1480 Heatherington Rd, ",1,2,"$2,283 (2021)","Ottawa, ON, K1G 5R5","Condo,,Condo",8,"$339,000 "
"101 QUEEN STREET UNIT#903, ",1,1,"$6,238 (2022)","Ottawa, ON, K2E 7R2","House,,House",20,"$505,000 "
"144 MONTAUK PRIVATE, ",4,3,"$7,003 (2021)","Ottawa, ON, K2P 2N7","House,,House",2,"$3,500 "
"200 CANTIN Street, ",N/A,N/A,,,,,"$799,900 "
"100 GRANT CARMAN DRIVE UNIT#216, ",2,2,N/A,"Ottawa, ON, K2G 5M9","House,,House",17'5'' x 11'8'',"$479,000 "
"117 MONTAUK PRIVATE, ",4,3,N/A,"Ottawa, ON, K1R 1E2","House,,House",1,"$3,500 "
"1244 PRINCE OF WALES DRIVE, ",2,3,N/A,"Ottawa, ON, K2P 0X5","House,,House",1,"$739,000 "
"400 STEWART STREET UNIT#2408, ",3,3,N/A,"Ottawa, ON, K1R 5W9","House,,House",1,"$3,900 "
"1142 SNOW Street, ",N/A,N/A,N/A,"Ottawa, ON, K1N 0B7","House,,House",1,"$1,200,000 "
"255 BAY STREET UNIT#102, ",1,0,N/A,"Ottawa, ON, K1B 3P9","House,,House",3,"$348,000 "
"16-20 CHAMPLAIN AVENUE, ",0 + 0,N/A,"$3,332 (2021)","Ottawa, ON, K1C 2J4","House,,House",13,"$1,850,000 "
"101 QUEEN STREET UNIT#1401, ",1,1,N/A,"Ottawa, ON, K1G 4R4","House,,House",,"$614,900 "
"101 QUEEN STREET UNIT#1401, ",1,1,,,,,"$614,900 "
"205 BOLTON STREET UNIT#222, ",1,1,N/A,"Ottawa, ON, K2B 6J6","House,,House",1,"$1,995 "
"108 LISGAR Street 1801, ",3,2,"$4,117 (2022)","Ottawa, ON, K1R 1E2","Condo,,Condo",8,"$2,075,000 "
"135 BARRETTE STREET UNIT#PH3, ",3,4,"$3,134 (2022)","Ottawa, ON, K1R 7W9","House,,House",1,"$4,600,000 "
"203 CATHERINE STREET UNIT#403, ",2,2,"$2,796 (2022)","Ottawa, ON, K1J 1K5","Condo,,Condo",10,"$599,900 "
"93 SHERBROOKE AVENUE, ",0 + 0,N/A,"$1,886 (2022)","Ottawa, ON, K1C 4P1","House,,House",1,"$699,900 "
"1014 BANK STREET UNIT#500, ",1,1,"$4,296 (2022)","Ottawa, ON, K1V 6T8","House,,House",2,"$459,900 "
"123 PAMILLA ST, ",5,4,"$2,300 (2022)","Ottawa, ON, K1J 8T9","Condo,,Condo",11,"$899,900 "
"123 PAMILLA STREET, ",0 + 0,N/A,"$2,283 (2021)","Ottawa, ON, K1G 5R5","Condo,,Condo",8,"$899,900 "
"720 Hastings Ave, ",N/A,N/A,"$6,238 (2022)","Ottawa, ON, K2E 7R2","House,,House",20,"$600,000 "
"722 Hastings Ave, ",N/A,N/A,"$7,003 (2021)","Ottawa, ON, K2P 2N7","House,,House",2,"$600,000 "
